йЫДИЙЭР еъДОУР;пЕЯИЦЯАЖч;лОМэДА лщТЯГСГР а;тИЛщР;йАТГЦОЯъА
07.001;лпоути йотас вул окамдиас. йть;йИКэ;1,45;1
07.002;лпоути йотас туп йаяациа.еккгм. йть;йИКэ;3,15;1
07.003;стгхос йотас йаяациам.еккгмий. йть;йИКэ;4,50;1
07.005;жтеяа йотас йаяациам.еккгм йть;йИКэ;1,70;1
07.006;смитсек йотас йаяациам.еккгмийо йть;йИКэ;6,70;1
07.008;жикето йотас йаяациам.еккгм. йть;йИКэ;6,60;1
07.011;суйытайиа йотас йаяациам.еккгм. йть;йИКэ;2,40;1
07.013;яоко йотас йаяациаммайг еккгмийо йть;йИКэ;6,30;1
07.014;смитсек йотас еис дамииас йть;йИКэ;5,50;1
07.021;столавиа йотас йая йть;йИКэ;2,00;1
07.025;йотопоуко окойк. (еуя.емы.)йть;йИКэ;2,30;1
07.075;йотопоуко окойк.(ея.ем.) йть;йИКэ;2,30;1
07.078;йотолпоуйиес е.е ежод йть.;йИКэ;5,30;1
07.085;йопамайи ежодиаслос еуя.ем. йть;йИКэ;3,50;1
03.017;йоййимоьаяо а/й суя/сг йть;йИКэ;5,50;2
03.031;цауяос ецвыяиос л/й йть;йИКэ;2,50;2
03.043;пацйасиоус жикето цкыс.биетмал йть;йИКэ;3,25;2
03.048;байакаос яоко 0.600ця йть;телавиа;3,15;2
03.059;саядека ецв.йть;йИКэ;2,50;2
03.064;байакаос а/й суяяиймысг  йть;йИКэ;3,90;2
03.068;жикето жаси боя.еиягм.суя/сг 200/300 йть;йИКэ;4,90;2
03.075;цакеос жета(цкауйос) суя. йть;йИКэ;3,90;2
10.029;байакаос жик акасйас суяиймыс.накл йть;йИКэ;4,90;2
10.145;акеуяи цем. вягсгс цаиа дглгтяа 10в1ЙИК.;телавиа;0,45;3
10.171;акеуяи цем. вягсгс цаиа дглгтяа 5kg;телавиа;2,20;3
15.015;ылеца йаяокима 20йик еуя.ем.;йИКэ;1,05;3
15.016;ылеца лпомет 20йик ецвыяио;йИКэ;0,78;3
15.018;ылеца лесто йаяокима  0.500 е.е;телавиа;0,65;3
15.019;ылеца лесто лпомет 0.500 ецвыя.;телавиа;0,55;3
15.024;ылеца лесто жасок.летя. 500ЦЯ еисац.;телавиа;0,85;3
15.025;ылеца лесто жайес ьикес 500ЦЯ еисацы.;телавиа;0,65;3
15.032;ылеца жайес вомтяес 20йик еисацыцгс;йИКэ;1,55;3
15.034;ылеца жасок.летяиа 20йик еисацыцгс;йИКэ;1,65;3
15.038;ылеца жайес ьикес 20ЙИК. еисацы.;йИКэ;1,55;3
15.039;ылеца яебухиа 20ЙИК.;йИКэ;1,69;3
15.041;ылеца лесто жайес вомдяес 500gr;телавиа;0,82;3
15.042;ылеца жасок. цицамт. 20kg;йИКэ;3,69;3
15.044;ылеца жасокиа вомдяа 20йик еисац.;йИКэ;1,74;3
22.001;фаваяг йяустаккийг кеуйг 1йик;телавиа;0,65;3
22.027;фаваяг кеуйг йяуст. 25й;йИКэ;0,62;3
04.026;аяайас 1йик еккгмийос аядас йть;йИКэ;1,45;4
04.027;жасокайи стяо.1йик.еккгмийо аядас йть;йИКэ;1,45;4
04.035;жасокиа вамтяес еккгм. 1йик.йть;йИКэ;2,40;4
04.036;амалийта кавам.1йик.аядас йть;йИКэ;1,45;4
04.063;спамайи жук.1 йикоу йть;йИКэ;1,55;4
04.083;лпалиа ентяа 1 йик.аядас йть;йИКэ;3,20;4
04.098;жасокайи пкату еккгмийо а/й аядас 1ЙИК.йть;йИКэ;1,45;4
01.014;хяаьако давтукиди еисац.1йик йть;йИКэ;4,00;5
01.030;цаяида ьува апожк 60/80 имдиа йть;йИКэ;8,50;5
01.057;хяаьако кыя.паме AVIKO оккамдиа.йть;йИКэ;4,60;5
01.100;хяаьако жик.еисац 1ЙИК.йть;йИКэ;3,80;5
02.019;йойтегк хакассгс 0.500 ЦЯАЛ.йть;йИКэ;5,50;5
02.024;лудиа IQF 110/150  0,500 ЦЯ.вукгс йть;йИКэ;5,40;5
02.029;втаподи лаяойоу т7 йть;йИКэ;6,90;5
04.064;лпижтейи кавамийым лай.йеим йть;йИКэ;4,70;5
04.090;лпижтейи кавамийым лаяимос йть;йИКэ;3,70;5
09.388;екиа йакалым COLOSSAL(121-140) 13йик.;йИКэ;3,40;6
09.447;пипеяайи тоуяси 5ЙИК.;сусйеуа.;9,60;6
10.073;екиа йакалым (161-180) 4йик;телавиа;12,80;6
10.167;екиа йяасатг лауя.бокоу (121-140) 8йк;йИКэ;3,20;6
10.182;екиа лауя бокоу 91-100 13kg;йИКэ;3,40;6
05.005;спамайопитайиа 1ЙИК. йть ПЕИСТЯИ;йИКэ;2,15;7
05.019;сжокиата туяопита йукийеиоу йть;телавиа;0,29;7
05.028;жукко йяоустас 500 цяал йть;телавиа;2,15;7
05.063;жукко туп.хяайиытийо йть;телавиа;1,95;7
05.083;питса цицас 1в1 йть ПЕИСТЯИ;телавиа;3,70;7
05.245;сжокиата коуйамийо сакомийиа йть;телавиа;0,55;7
05.258;питса атол.1в2 йть;телавиа;1,50;7
05.319;коуйамопитайи 1ЙИК.йть ПЕИСТЯИ;йИКэ;2,50;7
05.327;туяопитайи сжокиа 1йикоу йть ПЕИСТЯИ;йИКэ;1,75;7
05.338;пататопитайи 1 йик.;йИКэ;2,15;7
05.343;питса оийоце.1в2 йть ПЕИСТЯИ;телавиа;3,50;7
05.391;жукко выяиатийо 0.500ЦЯ.;йИКэ;2,25;7
03.007;байакаос акл.мояб.21/30;йИКэ;5,30;8
03.008;байакаос акл мояб жик LING;йИКэ;5,30;8
09.020;тсияосаката йапми. кад.стя.бая.1,300ЦЯА.;телавиа;17,50;8
09.026;жасокиа цицам циавми 2йик.;телавиа;4,60;8
09.037;пипеяайиа тоуяси 2,5ЙИК;телавиа;6,25;8
09.142;амтсоуциес акипастес 2,5ЙИК;телавиа;15,90;8
10.002;пеяйа кадиоу стя.бая.1,3 ЙИК.;телавиа;21,50;8
10.003;амтсоуциа жикето 1.3;телавиа;22,90;8
10.004;сйоулпяи жик.йапм.ст.бая. 1.3 ЦЯАЛ.;телавиа;14,00;8
10.005;яецца йапм. 6.92 ЙАХ.БАЯ.;телавиа;31,00;8
10.006;томокайеяда кадиоу стя.бая. 1,300ЦЯАЛ.;телавиа;19,90;8
10.007;сйоулпяи жета стя.бая.1,300ЦЯАЛ.;телавиа;13,50;8
10.009;яецца жикето кадиоу е.б.1.300ЦЯАЛ.;телавиа;14,90;8
10.010;амтсоуциес акипастес 5 йик.;телавиа;27,50;8
10.012;йокиос акип. мо1 5Й;телавиа;26,80;8
10.014;цауяос лаяиматос 1,3;телавиа;15,50;8
10.015;сйоулпяи йап.а/й VAKUM;йИКэ;7,90;8
10.022;оуфолефес йапм.кадиоу стя.бая.1,300ЦЯАЛ.;телавиа;13,50;8
10.025;байакаос аклуяос 16/20;йИКэ;5,20;8
10.163;яецца йапмистг VAKUM;йИКэ;5,50;8
10.165;амтсоуциа пастг 1ЙИК.;телавиа;4,20;8
10.168;амтсоуциа 50 ЦЯАЛ.;телавиа;1,05;8
09.014;йетсап яамиа 4,5 ЙИК;тЕЛэВИА;4,30;9
09.016;лоустаяда яамиа 4,5ЙИК;тЕЛэВИА;3,30;9
09.019;гкиекаио еисац.(е.ем.)5 litr PET;телавиа;5,00;9
09.063;цака LONG LIFE 3.5% кип.скобемиа;телавиа;0,64;9
09.065;йяела цакайтос 1 кит.леGGLE;телавиа;2,95;9
09.074;вакбас лпастоум.2,5ЙИК.бамик.;йИКэ;5,00;9
09.102;гкиекаио 1 КИТ еуя.ем.;телавиа;1,05;9
09.108;аяабоситекаио 5кит;телавиа;6,20;9
09.125;екаиокадо ентяа паях. гкиос лет. 5кит.;телавиа;17,80;9
09.140;йетсап лпяаба 4,5 ЙИК;телавиа;4,80;9
09.202;пуяимекаио 1 китяо;тЕЛэВИА;2,10;9
09.231;цака лайяас диаяй.1.5%кип скобемиас;телавиа;0,62;9
09.268;гкиекаио REDA (еуя.ем)  5кит;телавиа;5,15;9
09.366;аяабоситекаио 1 КИТ.;телавиа;1,45;9
09.395;йетсап CONT.540ЦЯ+дыяо лоус.500ЦЯА.;телавиа;1,50;9
09.424;гкиекаио 2litr.(еуя.емы.);телавиа;2,20;9
09.457;вакбас бамикиа 400ЦЯА.;тЕЛэВИА;1,95;9
09.460;вакбас йайао 400ЦЯА.;тЕЛэВИА;1,95;9
09.461;вакбас лпастоуми 2,5ЙИК.йайао;йИКэ;5,20;9
09.515;екаиокадо ентяа паях.аемаом 5LIT;телавиа;18,30;9
09.516;екаиокадо ентяа паях.аемаом 1LIT;телавиа;4,20;9
09.518;аяабоситекаио 2кит.;телавиа;2,85;9
09.520;гкиекаио яажиме 1LT;йИКэ;1,10;9
09.524;екаиокадо ентяа паях аемаом 500ml лет.;телавиа;2,50;9
09.532;гкиекаио яаж. йойо 5ltr пет.;телавиа;4,90;9
10.023;нуди 0.4 йиб.30Т;йибытиа;5,40;9
10.024;келоми аятгла 0,38 йиб. 30Т;йибытиа;5,40;9
10.088;акати гяа 0.500ЦЯ 24тел;телавиа;0,49;9
10.089;акати мийг ьико 1йик;телавиа;0,35;9
10.146;нуди пгцасос 400ЦЯАЛ.;йибытиа;8,30;9
10.157;акати мийг ьико 500gr.24т;телавиа;0,25;9
10.169;акати гяа 1йик 12тел;телавиа;0,85;9
10.183;келоми жусийос вулос 250ml;телавиа;0,59;9
10.189;келоми аятгла 4Ltr;телавиа;1,45;9
06.050;ламоуяи п.о.п мийфа;йИКэ;6,20;10
09.095;глисйк. покуй. туяи жяамтф.3йи. йок.;йИКэ;6,00;10
09.205;глисйкгяо туяи покуйаст.0,400йик.;телавиа;2,90;10
09.355;сйкгяо сацам жяатф ADORO 45% аустяиас;йИКэ;6,20;10
09.445;сйкгяо туяи биотяос PER MACHERONI 200ЦЯАЛ.;телавиа;1,05;10
06.089;лпижтейи VACUM еуя. ем. йть;йИКэ;3,90;11
06.110;йежтедайиа VACUM е.е ежодиасл. йть;йИКэ;3,90;11
07.050;соутсоуйайи VACUM 0.500ЦЯ еуя.ем. йть;йИКэ;3,90;11
09.018;спесиак едесла йояужг.5 йик.;йИКэ;1,50;12
09.021;папяийа хеялаийос;йИКэ;2,00;12
09.023;ациояеитийг лекитфамосаката хеялаийос;йИКэ;3,00;12
09.025;спесиак едесла йоя.1йик.;телавиа;1,90;12
09.032;туяосаката хеялаийос;йИКэ;2,80;12
09.033;тфатфийи хеялаийос;йИКэ;2,50;12
09.034;таяалас хеялаийос;йИКэ;2,40;12
09.035;яысийг саката хеялаийос;йИКэ;1,75;12
09.045;лациомефа хеялаийос.;йИКэ;1,90;12
09.064;втупгтг хеял.;йИКэ;3,70;12
09.067;лациомефа HELLMANS 10ЙИК;телавиа;27,90;12
09.070;йгпоуяоу хеялаийос.;йИКэ;3,00;12
09.071;оуццаяефа хеял.;йИКэ;3,00;12
09.089;аццоуяолациомефа   хеялаийос.;йИКэ;2,50;12
09.115;туяосаката хеял.0.450ЦЯ;телавиа;1,89;12
09.328;лациомефа лпяаба  4.2L;телавиа;9,50;12
09.343;ациоягтийг лекитф.хеял.0.450ЦЯ;телавиа;1,65;12
09.344;таяалас хеялаийос .0.450ЦЯ;телавиа;1,65;12
09.345;оуццаяефа хеялаийос.450 ЦЯАЛ.;телавиа;1,89;12
09.353;лациомефа тоя CLASSIC CONDITO 420цяал.;телавиа;1,90;12
09.399;йгпоуяоу хеялаийос 0.450 ЦЯАЛ.;телавиа;1,89;12
09.400;яысийг хеялаийос 0.450 ЦЯАЛ.;телавиа;1,65;12
09.401;тфатфийг хеялаийос 0.450 ЦЯАЛ.;телавиа;1,65;12
09.481;таяалас кеуйос хеялаийос;йИКэ;3,20;12
22.000;вулос поятойакада AGROS 0.250lit;телавиа;0,18;13
22.003;вулос поятойаки жус.вул.AGROS 1LIT;телавиа;0,73;13
22.004;вулос 8жяоута жусий.AGROS 1lit.;телавиа;0,97;13
22.005;вулос 3жяоутым мейтая AGROS 1lit;телавиа;0,63;13
22.006;вулос яоди мейтая AGROS 1lit;телавиа;0,81;13
22.007;вулос буссимо жя. AGROS 1lit.;телавиа;0,77;13
22.008;вулос лпамама жя. AGROS 1lit;телавиа;0,65;13
22.009;вулос 8жяоутым ж.в.AGROS 0.250lit;телавиа;0,28;13
22.010;вулос лгко-стаж.-жя. ж.в. AGROS 0.250lit;телавиа;0,28;13
22.011;вулос лгко-поят-яод-бея. ж.в. 0.250lit;телавиа;0,27;13
22.012;вулос поятойаки мейтая AGROS 0.250lit;телавиа;0,21;13
22.013;вулос 3жяоутым йойт.мейтая 0.250lit;телавиа;0,23;13
22.014;вулос яоди мейтая AGROS 0.250lit;телавиа;0,27;13
22.015;вулос лгко ж.в AGROS 1lit;телавиа;0,77;13
22.016;вулос амама ж.в  AGROS 1lit;телавиа;0,82;13
22.017;вулос цйяеипжяоут ж.в AGROS 1lit;телавиа;0,86;13
22.018;вулос яодайимо мейтая AGROS 1lit;телавиа;0,70;13
22.019;вулос поятойаки мейтая AGROS 1lit;телавиа;0,61;13
22.020;вулос ламтая.-сацйоуими жя.AGROS 1lit;телавиа;0,59;13
22.021;вулос поятойака AGROS 1lit;телавиа;0,49;13
22.022;вулос поятойаки ж.в. AGROS 0.250lit;телавиа;0,27;13
22.023;вулос лгко ж.в AGROS 0.250lit;телавиа;0,27;13
22.024;вулос ламтаяими ж.в. AGROS 0.250lit;телавиа;0,20;13
22.025;вулос яодайимо мейтая AGROS 0.250lit;телавиа;0,23;13
22.026;вулос буссимо жя. AGROS 0.250lit;телавиа;0,24;13
22.028;вулос лгк/поят/яод/бея ж.в AGROS 1LTR;телавиа;0,73;13
22.029;вулос келомада AGROS 1ltr;телавиа;0,72;13
22.030;вулос CRANBERRY жя. AGROS 1ltr;телавиа;1,08;13
22.032;вулос стажуки-яодайимо ж.в. AGROS 1ltr;телавиа;0,73;13
17.018;коуйам. VIENNA 350grP.L.ЙЫ.101500;телавиа;1,06;14
17.019;коуйам. жяам/тгс 400gr.P.L.ЙЫ.101501;телавиа;1,18;14
17.022;коуйам..выяиа.йапм.380gr.P.L.102230;телавиа;1,31;14
17.129;цакопоук. бяастг жик.P.L.Й131533;йИКэ;4,81;14
17.142;паяифайи 330gr PL йыд.101470;телавиа;0,95;14
17.143;паяифа 4KG P.L. йыд.101403;йИКэ;2,56;14
17.144;ылопкатг бяастг P.L. йыд.121010;йИКэ;3,36;14
17.147;цакопоук.йапм.жик.P.L.131534;йИКэ;5,04;14
17.179;цакоп. йапм.+емтал 320gr P.L ЙЫД 131576;телавиа;1,73;14
17.180;паяифа йол+GOYDA 320gr P.L ЙЫД 101459;телавиа;1,45;14
17.181;ылопкатг йол+GOUDA P.L 320gr ЙЫД 121221;телавиа;1,58;14
17.189;лоятадекка 200gr P.L. ЙЫД 101108;телавиа;0,65;14
17.190;паяифа тост жета 200gr P.L. ЙЫД 101359;телавиа;0,65;14
17.191;ылопкатг воияимг 200gr P.L. ЙЫД 121003;телавиа;0,85;14
17.192;цакопоука йапм. жетес 200gr P.L. ЙЫД 131610;телавиа;1,25;14
17.194;лпеийом йапм жетес 200gr P.L. ЙЫД 131116;телавиа;1,18;14
17.195;йотопоуко йапм жетес 200gr P.L ЙЫД 132407;телавиа;1,38;14
17.167;паяифа 160gr DELI CHOICE ЙЫД 101437;телавиа;0,65;15
17.168;лоятадека 160gr DELI CHOICE ЙЫД 101103;телавиа;0,65;15
17.169;коуйам. жяамй. 170gr DELI CHOICE ЙЫД 101528;телавиа;0,65;15
17.170;лпеийом 90gr DELI CHOICE ЙЫД 131192;телавиа;0,67;15
17.171;сакали аеяос DELI CHOICE ЙЫД 103241;телавиа;0,67;15
17.172;цакоп. йапм. 160gr DELI CHOICE ЙЫД 131593;телавиа;0,96;15
17.173;цакоп. бяастг 160gr DELI CHOICE ЙЫД 131594;телавиа;0,96;15
17.174;ылопкатг 160gr DELI CHOICE ЙЫД 121007;телавиа;0,96;15
17.175;коуйам. сваяас 280gr DELI CHOICE ЙЫД 102294;телавиа;0,96;15
17.176;коуйам. сваяас 380gr DELI CHOICE ЙЫД 102295;телавиа;1,28;15
17.001;паяифа бийг тоу спитиоу лас ЙЫД.101434;йИКэ;3,10;16
17.023;коуйам.бийг пипеяом.PROFES.800gr 101263;йИКэ;3,32;16
17.035;цакопоука бийг йапмистг FOD.SER.ЙЫ.331545;йИКэ;4,90;16
17.039;коуйам.бийг пепеяо.леяида.17cm.ЙЫД.301231;йИКэ;2,95;16
17.067;цакопоука йапмистг спитиоу ласЙЫ131544;йИКэ;5,55;16
17.068;коуйам.бийг пипеяоме PROFES йомта ЙЫ.101266;йИКэ;3,42;16
17.070;паяифа бийг бяа.стяоццукг PROF ЙЫ101430;йИКэ;3,30;16
17.126;коуйам.йойт.дивт 240ЦЯ.STICK 0.5E 161234;телавиа;1,86;16
17.131;паяифайи бийг тоу спитиоу 310ЦЯ 101492;телавиа;1,00;16
17.157;паяифайи бийг тоу спитиоу 500gr йыд.101493;телавиа;1,52;16
17.164;сакали сйоядато бя. т.с 310gr ЙЫД 101305;телавиа;1,04;16
17.188;коуйам пипея бя. сусй. STICK -0.5─ ЙЫД 161527;телавиа;2,60;16
01.001;йакалаяи патацымиас C4 йть;йИКэ;;99
01.004;йакалаяи айах еис 20/40 1kg йть;йИКэ;;99
01.005;йакалаяи окойк U10 6йик IQF йть;йИКэ;;99
01.006;хяаьако йаха. олгяос IQF 1йик йть;йИКэ;;99
01.007;йакалаяи йах 11/20 йть;йИКэ;;99
01.009;йакалаяи окойк йол. 10/20 700gr;телавиа;;99
01.011;йакалаяи окойк имдиым 3/6 йть;йИКэ;;99
01.013;хяаьако ецвыяио IQF;йИКэ;;99
01.015;хяаьако давт сусй 0.700ЦЯ йть;телавиа;;99
01.017;йакалаяи йах 6/10 йть;йИКэ;;99
01.018;хяаьако йахая.ARROW выя.птея.  йть;йИКэ;;99
01.022;цаяида бамал.--30/40 ейоуад.йть;йИКэ;;99
01.023;цаяидес аяцемтимгс м2 йть;йИКэ;;99
01.025;цаяидес б.а.м2 тиGER KERAT.йть;йИКэ;;99
01.026;цаяидес б атк.KERATUR. м1 йть;йИКэ;;99
01.027;цаяидес бLAK TIG 16/20  йть;телавиа;;99
01.028;цаяидес  бLAK.TIGER 13--15 йть;йИКэ;;99
01.032;йакалаяи т. жоял U3 йть;йИКэ;;99
01.033;йакалаяи т. FORM U/10 .йть;йИКэ;;99
01.034;йакал.хяаьако окой. 0,800gr камаяа йть;телавиа;;99
01.036;йакалаяи окой.3/6 йимас йть;йИКэ;;99
01.037;йакалаяи ок.FORM.U/10 йть;йИКэ;;99
01.038;цаяидес аткам. м.2 йть;йИКэ;;99
01.039;соупиа имдиа 13/20 1kg йть;йИКэ;;99
01.041;йакалаяи окойкгяо имдиым U3 йть;йИКэ;;99
01.042;йакалаяи мот.ажяийгс XL йть;йИКэ;;99
01.043;цаяида бамалеи м5 50/60 йть ейоуад.;йИКэ;;99
01.044;йакалаяи окойк.6/10 имдиым йть;йИКэ;;99
01.045;хяаьако м.фгк. еисац. 4*2.5 йть;йИКэ;;99
01.048;соупиа имдиас U1 йах. IQF йть;йИКэ;;99
01.049;цаяида апожк. 50/60 имдиым йть;йИКэ;;99
01.054;йаяабидес дам.8/12 йть;телавиа;;99
01.056;йабоуяодацйама аполил.йть;йИКэ;;99
01.058;цаяида айеж. имдиас 26/30 йть 0.500ця.;йИКэ;;99
01.062;хяаьако йах. ARROW M/жтеяо йть;йИКэ;;99
01.063;цаяида апожк имдиым 21/30 425gr йть;телавиа;;99
01.065;хяаьако глийахаяис.сваяас йть;йИКэ;;99
01.066;хяаьако йахая. олгяос U5 м/ф йть;йИКэ;;99
01.067;йакалаяи  цомос йть;йИКэ;;99
01.068;хяаьако AR.U5 IQF выя.пте.3*5kgйть;йИКэ;;99
01.069;втемиа ьува (ле ауцо) йть;йИКэ;;99
01.070;хяаьако давтукиди олгяос 1Й йть;йИКэ;;99
01.071;цаяида айеж. имдиым 21-25 500gr йть;йИКэ;;99
01.073;йакалаяи ок.FORM.3/5 йть;йИКэ;;99
01.074;цаяида апожк.ьува 20/40 йть;йИКэ;;99
01.075;соупиа жикето суяяиймысг йть;йИКэ;;99
01.079;йакалаяи айа. патацымиас IQF 12-16 йть;йИКэ;;99
01.081;йакалаяи йах,имдиым U/5 йть;йИКэ;;99
01.082;цаяида окойк VANAMEI 450gr йть;йИКэ;;99
01.083;цаяида айежакес.16/20 йть 0.500ЦЯАЛ.;телавиа;;99
01.086;цаяида апожк 10/20 0.500 gr йть;йИКэ;;99
01.087;цаяида бамалеи м.4--40/50 ейоуадоя йть;йИКэ;;99
01.088;йакалаяи окойк.200/350 loligo spp.олгя.йть;йИКэ;;99
01.089;йакалаяи ок.FORM.10/20 йть;йИКэ;;99
01.090;йакалаяи окойк.100/250 loligo spp.олг.йть;йИКэ;;99
01.091;йакалаяи  лаяойоу 2kg йть;йИКэ;;99
01.092;йакалаяи йакиж.окойк.айах.1ЙИК.  йть;йИКэ;;99
01.094;хяаьака ецвыяиа BLOCK йть;йИКэ;;99
01.096;лосвои ецвыяиои йть;йИКэ;;99
01.098;хяаьако цомос ецвыяио 1йик;телавиа;;99
01.101;хяаьако йах.400-600 кама.йть;йИКэ;;99
01.102;йакалаяи окойк.патацымиас 12/16 CM йть;йИКэ;;99
01.103;хяаьако жик.м.фгк. 200/300 1kg йть;йИКэ;;99
01.104;хяаьако яодека паме 1йик йть;йИКэ;;99
01.108;цаяидес BLAK TIGER 21/30 йть;йИКэ;;99
01.109;цаяида 50/60 VANAMEI ейоуадоя 450ЦЯ йть;йИКэ;;99
01.110;йакалаяи йах.имдиым 20/40 йть;йИКэ;;99
01.111;йакалаяи т.жоял. U2 IQF;йИКэ;;99
01.112;йакалаяи окойк.имдиым 10/20 йть;йИКэ;;99
01.114;цаяидес аяцемтимгс мО2 0.500ЦЯ. йть;телавиа;;99
01.116;лосвоу цкысса йть(еуя.емы);йИКэ;;99
01.117;втемиа  1/2 йекужос йть;йИКэ;;99
01.118;хяаьако ок. алеяийгс S IQF йть;йИКэ;;99
01.119;йакалаяи мот. ажяийгс вL IQF йть;йИКэ;;99
01.120;хяаьако ок. аткамт. алеяийгс 600gr олгяос йть;телавиа;;99
01.121;йакалаяи окойк -100 loligo spp. IQF йть;йИКэ;;99
01.122;хяаьако окойкгяо 700gr камаяа йть;телавиа;;99
01.123;хяаьако давтукиди 800gr олгяос йть;телавиа;;99
01.124;йакалаяи йах имдиым U10 6в2kg йть;йИКэ;;99
01.125;хяаьако йежакиа йть;йИКэ;;99
01.126;хяаьако аяцемтимгс йах. мО1 йть;йИКэ;;99
01.127;хяаьако давтукиди 500gr IQF йть;телавиа;;99
01.128;хяаьако давтук. испам. 0.800gr йть;телавиа;;99
01.129;хяаьако йахая 300-500 камаяа йть;йИКэ;;99
01.130;хяаьако яодека испамиас 6йика;йИКэ;;99
02.000;втаподи т2 поятоцакиас екк. епен. йть;йИКэ;;99
02.001;втаподи т4 еисац. лаяойоу суя/сг йть;йИКэ;;99
02.002;втаподи т3 бяасл. пкойали йть;йИКэ;;99
02.003;втаподи т4 RABAH йть;йИКэ;;99
02.005;втаподи т5 йемуас IQF йть;йИКэ;;99
02.007;втаподи т3 2-3йик лаяой. йть;йИКэ;;99
02.008;втаподи т2 3-4 йик. лаяой. йть;йИКэ;;99
02.009;втаподи пкойали ыло суя/сг;йИКэ;;99
02.010;втаподи екк.еп. т3 2-3kg IQF суя. йть;йИКэ;;99
02.011;втаподи екк.еп. т4 1.5-2kg IQF суя. йть;йИКэ;;99
02.012;втаподи ецвыяио лпык т 7. йть;йИКэ;;99
02.013;соупиа жикето иQF имдиым йть;йИКэ;;99
02.014;лудиа вукгс иQF 1йик.йть;йИКэ;;99
02.018;йабоуяи аполилгсг йть;йИКэ;;99
02.021;астайос йть;йИКэ;;99
02.022;втаподи т3 пкой. ыло  IQF 2в2.5kg;йИКэ;;99
02.023;втаподи т3 имдоеиягмийоу IQF йть;йИКэ;;99
02.026;лудиа 1/2 йекужос йть;йИКэ;;99
02.027;втаподи 1,2-1.5ЙИК т5 лаяой. йть;йИКэ;;99
02.030;втаподи 1.5-2ЙИК т4 лаяой.йть;йИКэ;;99
02.031;вта.GIGAS хяаь. бяаслемо телависл. йть;йИКэ;;99
02.033;втаподи т3 йаккиламг IQF йть;йИКэ;;99
02.034;втаподи аицуптоу т3 IQF йть;йИКэ;;99
02.035;втаподи аицуптоу т4 IQF йть;йИКэ;;99
02.036;втаподи т3  олгя.RABAH.йть;йИКэ;;99
02.038;вта.GIGAS пкойали окойк.бяасл.IQF йть;йИКэ;;99
02.040;втаподи т4 бяаслемо пкыйа.йть;йИКэ;;99
02.041;соупиа окой. имдиас йть;йИКэ;;99
02.042;втаподи т5 лаяойоу йть;йИКэ;;99
02.043;втаподи т3 еисацыц.лаяойо суя/сг йть;йИКэ;;99
02.044;втаподи т6 ецвыяио йть;йИКэ;;99
02.045;соупиа жикето викгс(GIGAS)йть;йИКэ;;99
02.046;лудиа ок.йекужос йкеис.йть;йИКэ;;99
02.047;втаподи т6 лаяойоу йть;йИКэ;;99
02.048;соупиа жикето 1йик.йть;йИКэ;;99
02.049;втаподи т5 лаяойо суя.;йИКэ;;99
02.050;йойтеик хакассимым-кавамийым йть;йИКэ;;99
03.001;байакаос а/й йть;йИКэ;;99
03.002;байакаос жикето POLAK 1ЙИК.еисац.йть;йИКэ;;99
03.004;байакаос жик наклуя.500/1000 COD йимас йть;йИКэ;;99
03.005;байакаос жик.накл.POLAK йимас.йть;йИКэ;;99
03.006;байакаос паме жикето (HAKE PATTY) 6kg йть;йИКэ;;99
03.009;цакеос (цкауйос) жета аткам.йть;йИКэ;;99
03.010;сокылос жета йть;йИКэ;;99
03.011;сокылос жета суя/сг йть;йИКэ;;99
03.013;нижиас жета йть;йИКэ;;99
03.014;сжуяида жета йть;йИКэ;;99
03.015;цкысса жикето еисацыц.йть;йИКэ;;99
03.020;лпаялпоумиа л/й еисацыц. йть;йИКэ;;99
03.021;сйоулпяи иякамдиас 200/400 йть;йИКэ;;99
03.024;жаццяи 700/1000 йть;йИКэ;;99
03.026;сжуяида а/й еис.йть;йИКэ;;99
03.027;тсипоуяа ецвыяиа йть;йИКэ;;99
03.028;сумацяида л/й йть;йИКэ;;99
03.030;пеяйа жикето тамфамиас йть;йИКэ;;99
03.032;ьаяойяойетес (FISH FINGERS) 2kg йть;телавиа;;99
03.033;байакаос жикето COD паме 4в1kg йть;йИКэ;;99
03.034;ьаяосоупа 600ЦЯ;телавиа;;99
03.035;ахеяима йть;йИКэ;;99
03.037;жамооуяа (песйамдяитса) йть малилпиа;йИКэ;;99
03.038;жацйяиа окойк. мО 4 400/600 суя. йть;йИКэ;;99
03.039;ьаяойяойетес 1йик.йть;йИКэ;;99
03.041;лпаялпоумиа сусй.йть;телавиа;;99
03.042;цакеос (цкауйос) ок.а/д аткамт.йть;йИКэ;;99
03.044;йакалаяи окойк. BOSTON IQF 2в5kg йть;йИКэ;;99
03.045;пацыто жяаоука 10ltr йть;телавиа;;99
03.046;пацыто нук. обак паяже йть;йибытиа;;99
03.047;пацайиа сайоука;телавиа;;99
03.051;цаяида апожк.40/60 имдиым йть;йИКэ;;99
03.052;патата AVIKO 9.5/9.5 окамд.KTь;йИКэ;;99
03.055;пеяйа жикето суяяиймысг йть;йИКэ;;99
03.058;пеяйа жета тамфам.йть;йИКэ;;99
03.060;кауяайи жикето йть;йИКэ;;99
03.061;цопес еккгмийес йть;йИКэ;;99
03.062;байакаос жета пяотгц. паме йть;йИКэ;;99
03.067;байакаос пяотгц.паме (MERLUZA REBOZADA) 1X3kg;йИКэ;;99
03.073;яуцвойаяваяиас жета IQF йть;йИКэ;;99
03.074;жикето стгхос йотоп. 200gr ALFAKOT йть;йИКэ;;99
03.076;тсипоуяа апемт.300/400 йть;йИКэ;;99
03.077;кауяайи апемт.800/1000 йть;йИКэ;;99
03.078;пацос тяилла;йИКэ;;99
03.079;йоутсолоуяес окойк.;йИКэ;;99
03.080;нижиас жета суя/сг еисац.;йИКэ;;99
03.082;сжуяида жета суя/сг йть;йИКэ;;99
03.083;жикето жаси паме 130-160ЦЯ IQF йть;йИКэ;;99
03.084;цауяос жикето еккгм 1в5kg йть;йИКэ;;99
04.001;патата AVIKO окка.11/11.йть.;йИКэ;;99
04.002;аяайас 2.5ЙИК. еккгм.аядас йть;йИКэ;;99
04.003;жасокайи пкату 2.5ЙИК.еккгмийо аядас йть;йИКэ;;99
04.004;жасокайи пкати FROZA 1йик. йть;йИКэ;;99
04.005;лпалиа ентяа боукцаяиа йть;йИКэ;;99
04.006;амалийта кавамийа еисац. йть;йИКэ;;99
04.007;йакалпойи  спуяи оуццаяиа йть;йИКэ;;99
04.008;спамайи жукко FROZA 1ЙИК.иQF йть;йИКэ;;99
04.009;спамайи лпкой бекциоу йть;йИКэ;;99
04.010;аццумаяес окойкгяес йах.аицуптоу йть;йИКэ;;99
04.011;лпяойоко йть;йИКэ;;99
04.012;йоумоупиди еккгмийо йть;йИКэ;;99
04.013;йаяотайи лпеилпи йть;йИКэ;;99
04.014;кавамайи бяунекым йть;йИКэ;;99
04.015;пяассо йубои бекциоу йть;йИКэ;;99
04.017;йяеллуди йубои еисацы.йть;йИКэ;;99
04.018;ламитаяиа 400ця йомс.;телавиа;;99
04.020;йяеллуди пеяка бекциоу йть.;йИКэ;;99
04.021;йаяото йубои бекциоу йть;йИКэ;;99
04.023;патата LUTOSA STEаK бекц. йть;йИКэ;;99
04.028;лпижтейи кавамийым LUTOSA йть;йИКэ;;99
04.030;жяаоука-йимас. йть;йИКэ;;99
04.033;лпалиа 0,450 йть;тЕЛэВИА;;99
04.037;патата жоуямоу иыам.йть;йИКэ;;99
04.038;патата LUTOSA FS бекци.12/12 йть;йИКэ;;99
04.039;пипеяиа пяас.кыяида еисацыц.йть;йИКэ;;99
04.040;патата LUTOSA F.S.бекц.10/10  KTь;йИКэ;;99
04.041;пипеяиа йоййимг кыяида еисац. йть;йИКэ;;99
04.042;лпоуйиес йокойухойежтес 400 йть;телавиа;;99
04.044;пататA AGRA STEAK йть;йИКэ;;99
04.046;патата AVIKO окка.STEаK йть;йИКэ;;99
04.047;патата AGRаR FROST 9/9  йть;йИКэ;;99
04.051;йяеллудойежтес AVIKO йть;йИКэ;;99
04.053;патата AVIKO 1ЙИК йть;йИКэ;;99
04.054;патата лай.йеим.еис,9/9 йть;йИКэ;;99
04.056;патата AGRA FROST цеял.11/11 йть;йИКэ;;99
04.058;патата 9В9 йть FRIDA FOOD;йИКэ;;99
04.062;патата AGRA FROST STEAK йть;йИКэ;;99
04.065;лпалиа FROZA 1 йик. йть;йИКэ;;99
04.066;пита кеомт GOLDEN 18cm йть;телавиа;;99
04.067;йяеллудиа апожкиылема жяес,;йИКэ;;99
04.068;мыпг патата выя. тгцами;йИКэ;;99
04.069;мыпг патата йуд.жоуямоу;йИКэ;;99
04.070;патата 11x11 йть;йИКэ;;99
04.071;мыпг патата тгцами 10/20;йИКэ;;99
04.073;патата LUTOSA GR 10/10/бекц.йть;йИКэ;;99
04.074;патата LUTOSA GR.12/12 бекц.йть;йИКэ;;99
04.081;пита кеомт.аспяг 17cm 10TMX;телавиа;;99
04.082;мыпа патата жета;йИКэ;;99
04.085;аяайас FROZA 1ЙИК.йть;йИКэ;;99
04.086;жасокайи стяоццуко FROZA 1йик.йть;йИКэ;;99
04.087;патата JACKET WEDGES AVIKO йть;йИКэ;;99
04.088;патата COUNTRY йть;йИКэ;;99
04.091;патата LUTOSA PREMIUM 4в2.5kg бек.йть;йИКэ;;99
04.095;туяи CHEDDAR жетес ADORO;йИКэ;;99
04.097;йокойиха йубос пцдл. йть;йИКэ;;99
04.099;жасокайи вамтяа еккгм.0.750йть;телавиа;;99
04.100;йакалпойи еккгмийо 0.450ЙИК.йть;телавиа;;99
04.101;лпижтейи кавамий. AVIKO йть;йибытиа;;99
04.103;лпижтейи кавамийым аVIKO йть;йибытиа;;99
04.105;аяайас вула йть;йИКэ;;99
04.106;жасокайи пкату вула йть;йИКэ;;99
04.109;спамайи жукко IQF еисацыц (1в10kg)йть;йИКэ;;99
04.110;аццимаяа акоулимио 750gr;телавиа;;99
04.111;мыпг патата окойкгяг;йИКэ;;99
04.112;лпижтейи йокойухиоу 440ЦЯ йть;телавиа;;99
04.113;аяайас 1йико екк. цаиа пеккас йть;телавиа;;99
04.114;жасокайи стяоцц 1йико екк. цаиа пеккас йть;телавиа;;99
04.115;лпалиес 1йико екк. цаиа пеккас йть;телавиа;;99
04.116;амалийта кавам 1йико екк. цаиа пеккас йть;телавиа;;99
04.117;жасокайи пкату екк. 1йико цаиа пеккас йть;йИКэ;;99
05.001;йасеяойяойетес тамг йть;йИКэ;;99
05.002;туяойяойета тамг йть;йИКэ;;99
05.006;коуйамопитайи сжокиата 9 йик;йИКэ;;99
05.009;спамайопита сжокиата 9 йик;йИКэ;;99
05.011;туяопита выя,йть сакомийиа;телавиа;;99
05.012;йяоуасам сойок.атол.саком. йть;телавиа;;99
05.013;йяелопитайиа йть;йИКэ;;99
05.014;фалпомойасеяопита йть;йИКэ;;99
05.015;йяоуасам лаяцаяимгс 0.45ця. йть;йИКэ;;99
05.016;пеимияки сакомийиа йть;телавиа;;99
05.017;питса лецакг тетяацымг йть;телавиа;;99
05.018;пита ламык.цицас йть;телавиа;;99
05.026;жукко выяиатийо 1 йик.;йИКэ;;99
05.032;тяицымг йасеяопита выя.;телавиа;;99
05.033;сжокиата жукко сталос йть;телавиа;;99
05.035;сжокиатайи пияосйи  вула йть;телавиа;;99
05.038;спам-туяи  выя йть сакомийиа;телавиа;;99
05.044;питса яайета йть сакомийиа;телавиа;;99
05.045;туяопитайи вул.жукко выя.6йик.йть;телавиа;;99
05.053;коуйамопитайиа саком. йть;йИКэ;;99
05.054;спамайопитайи стяижто йть;йИКэ;;99
05.055;коуйамопита дипкг йть;телавиа;;99
05.058;лгкопитайи сж.1йик.йть;йИКэ;;99
05.059;сжокиата жукко 0.800ця.;телавиа;;99
05.064;йяоутомс ьыл.CEL.;сайоук.;;99
05.067;йяоуасам боутуяоу сак. йть;телавиа;;99
05.068;йяоуасам сойокатас PANINI 0.150gr;телавиа;;99
05.070;жкоцеяес йть;йИКэ;;99
05.071;лпоуцатса 1/2 йяела йть;телавиа;;99
05.072;лпоуцатса 1/2 туяи йть;телавиа;;99
05.073;лими туп жикадекжеиа 7 йик;йИКэ;;99
05.074;лими йоуяоу;йИКэ;;99
05.077;лими пеимиякайи йть;телавиа;;99
05.078;сжокиатайи пияосйи йикоу йть;телавиа;;99
05.079;мтоматсайи коуйоуладайи йть;телавиа;;99
05.081;спамайи выя йть сакомийиа;телавиа;;99
05.082;лими йотопита йть;йИКэ;;99
05.084;лпоуцатсайи туяи саком йть;телавиа;;99
05.087;йоуяоу йть;телавиа;;99
05.089;жкоцеяес аккамтийым 50ця йикоу лаяимоу йть;йИКэ;;99
05.092;лими пита коуйамийо йть;йИКэ;;99
05.093;сжокиата туяопита обак йть;телавиа;;99
05.095;йактсоме йть;телавиа;;99
05.096;пита пай.лец.ас.30тлв;телавиа;;99
05.097;пита ламык.йитя.ц/ь 18 CM;телавиа;;99
05.099;ьылайи тост SELECT23ТЕЛ;телавиа;;99
05.103;аямисиа емтеяа испам. йть;йИКэ;;99
05.105;аямисиа цкуйадиа испам.йть;йИКэ;;99
05.106;леяемта NUCREMA жоумт.фав/йгс 12KG;йИКэ;;99
05.107;соубкайи воияимо еуя.ем.йть;йИКэ;;99
05.108;йойояетсайи атолийо йть;йИКэ;;99
05.184;ьылайи HOT мтой JAMBO соус.32ТЕЛ;телавиа;;99
05.186;питес SELECT 21cm 80ТЕЛ  йть;телавиа;;99
05.187;питса атолийг фалпом тетяацымг ть;телавиа;;99
05.189;стяижтаяи воятопитайи мгстисило;йИКэ;;99
05.191;пататопита жкоцеяа йть;телавиа;;99
05.192;лпоуцатса силицдакопита йть;телавиа;;99
05.193;лпоуцатса 1/2 йила йть;телавиа;;99
05.196;йяоуасам пататопита атол.сак.йть;телавиа;;99
05.198;мтолатойежтес 0.400 йть;телавиа;;99
05.200;жкоцеяа пяассопита мгст. сталос йть;телавиа;;99
05.202;стяижтаяи туяопитайи вула сталос йть;йИКэ;;99
05.203;жкоцеяа пататопита сталос йть;йИКэ;;99
05.204;лпоуцатсайи йила саком. йть;телавиа;;99
05.207;ьылайи HOT DOG JUMBO 32ТЕЛ;телавиа;;99
05.209;ьылайи валп.LARGE 40ТЕЛ;телавиа;;99
05.211;ьылайи HOT DOG  48ТЕЛ йть;телавиа;;99
05.212;ьылайи валп мужадес 60ТЕЛ йть;телавиа;;99
05.216;ьылайи CROUTONS (ЖЯУЦ.);йИКэ;;99
05.217;ьылайи пита аматокгс лецакес 60ТЕЛ.;телавиа;;99
05.218;ьылайи пита аматокгс лийяес 60ТЕЛ;телавиа;;99
05.219;питес аяабийес 6тел.ваят.йть;сайоук.;;99
05.220;лпоуцатса спамайи мгст 1/2 йик,йть;телавиа;;99
05.221;ьылайи валпоуяй.LARGE соу.40ТЕЛ;телавиа;;99
05.222;ьылайи валпоуяйея 60.ТЕЛ;телавиа;;99
05.223;ьыли валп KING соус. йть;телавиа;;99
05.224;пита окийгс тяужым S/M йть йть;пайет.;;99
05.226;ьылайи лпай.м3 кеуйг 40ТЕЛ;телавиа;;99
05.227;ьылайи лпай м3 лауя.40ТЕЛ;телавиа;;99
05.229;питес ELVIART 17cm PREMIUM 8ТЕЛ йть;телавиа;;99
05.230;пеимиякг амоивто;телавиа;;99
05.232;питес  SELECT мо 17 окийгс;телавиа;;99
05.235;питса сжокиата йотопоуко йть;телавиа;;99
05.236;питса сжок/та 25 тел саком.;телавиа;;99
05.237;туяопита тяицымг выяиатийг йть;телавиа;;99
05.242;стяижтаяи спамайи мгстис.йть;йИКэ;;99
05.243;спамайопит таьи лийяо сталос йть;телавиа;;99
05.244;пяассо  выя йть;телавиа;;99
05.246;сжокиата тсиццама йть саком.;телавиа;;99
05.249;ьылайи лпацй.м2 кеуй пяоь.;телавиа;;99
05.252;йабоуяиа подиа 150/190 IQF;йИКэ;;99
05.253;пита ламык.йитя.ц/ь 16 CM.;телавиа;;99
05.254;пита акенайг.кеуйг 23cm йть;телавиа;;99
05.255;питес ELVIART 16cm 6сай йть;сайоук.;;99
05.256;питес SELECT 15 cm 120 ТЕЛ. йть;телавиа;;99
05.257;фул/йа баR.VERMICEL.No7 IT.(сусй.5йик);телавиа;;99
05.264;йокиос йть;йИКэ;;99
05.265;стяижтг спамайи туяи йть;телавиа;;99
05.266;питес SELECT 18 cm йть;телавиа;;99
05.267;пита TORTILLAS 30cm йть;телавиа;;99
05.268;ьылайи CIABATTA NO1;телавиа;;99
05.269;ьылайи лпацй..выяиат.кеуй м54 пяоь.;телавиа;;99
05.270;ьылайи вот DOG соус.48ТЕЛ;телавиа;;99
05.272;тяицымайи йяела выяиатийо;йИКэ;;99
05.273;ьылайи валпоуяйея LARGE выяиат. йть;телавиа;;99
05.274;йактсоме BRIOS йть;телавиа;;99
05.275;тяицымайи патата выяиатийо йть;йИКэ;;99
05.276;фул/KA BAR.FAR.No65 итакиас(сусй.5ЙИК);телавиа;;99
05.277;жыкиа лпяиос аккамтийым;телавиа;;99
05.279;йяоуасамайиа лими сойок. саком. йть;йИКэ;;99
05.280;питес SELECT йакалпойи 17sm йть;телавиа;;99
05.281;ьылайи валп.выяиатийо SELECTйть;телавиа;;99
05.283;спамайотуяи выяиатийо ПЕИСТЯИ йть;телавиа;;99
05.284;тяицымайи туяи выяиатийо;йИКэ;;99
05.286;йяоуасам лаяцаяимгс 50*120ЦЯ йть;телавиа;;99
05.287;ьылайи лпай.BISTRO ок.акесспоя.;телавиа;;99
05.288;ьылайи лпай BISTRO кеуйг;телавиа;;99
05.291;ьылайи тост цицас SELECT йть;телавиа;;99
05.292;лпоуцатса йяела атолийг йть;телавиа;;99
05.293;лпоуцата туяи  атолийг йть;телавиа;;99
05.294;туяопита таьи лийяо сталос йть;телавиа;;99
05.295;сжокиата туяопита саком.йть;телавиа;;99
05.296;питес ELVIART паяадосиайг 16cm йть;сайоук.;;99
05.297;питес SELECT м.10 йть 320ТЕЛ.;телавиа;;99
05.298;пита ламык. цицас йть;телавиа;;99
05.300;ьылайи тост лауяо цицас йть;телавиа;;99
05.302;сжокиата туяопита тяицымг йть;телавиа;;99
05.303;сжокиата фалпом йасеяи сталос йть;телавиа;;99
05.304;сжокиата глисйк туяи сакомийиа йть;телавиа;;99
05.305;пита кеомт.йитяим.19cm 30ТЛ.йть;сайоук.;;99
05.306;пита кеомт.йитяим.16cm.30ТЕЛ.йть;сайоук.;;99
05.307;пеимияки цомдока йть;телавиа;;99
05.308;пита кеомт.аспяг 19cm 10ТЛВ йть;сайоук.;;99
05.312;пита TORTILLAS 25cm;телавиа;;99
05.313;пита кеомт.аспяг 20cm 5ТЛВ йть;сайоук.;;99
05.314;стяижтаяи туяопитайи  1ЙИК.йть;йИКэ;;99
05.315;туяопитайи тяицымо выяиат.1ЙИК.йть;йИКэ;;99
05.316;тяицымайи патата выяиат.1ЙИК.йть;йИКэ;;99
05.317;тяицымайи спамайи-туяи выяиатийо йть;йИКэ;;99
05.318;сжокиатайи фалпом йасеяи 1ЙИК.йть;йИКэ;;99
05.320;стяижтг туяопита сталос йть;телавиа;;99
05.321;стяижтг спамайи мгстисилг сталос йть;телавиа;;99
05.323;тяицымайи спамайи мгст.выяиат.1ЙИК.;йИКэ;;99
05.324;стяижтг пяасопита мгстисилг йть;телавиа;;99
05.325;тяицымайи спамайи мгтси.выяиат.йть;йИКэ;;99
05.326;стяижтаяи спамайи мгстисило 1Ййть;йИКэ;;99
05.328;йяоуасам лаяцаяимгс 0.25ЦЯ.йть;йИКэ;;99
05.329;пеимияки цомдока туяи йть;телавиа;;99
05.330;йяоуасам лгкопита атол.саком.йть;телавиа;;99
05.331;тяицымайи туяи выяиатийо 1ЙИК. сталос йть;йИКэ;;99
05.332;лпоуцатса 1/2 спамайи туяи йть;телавиа;;99
05.336;лпоуцатса йяела йть;телавиа;;99
05.337;пеимиякг BRIOS амоивто йть;телавиа;;99
05.339;тяицымайи йяела выяиатийо 1ЙИК.йть;йИКэ;;99
05.340;тяицымайи адеио иыаммоу;йибытиа;;99
05.341;ьылайи жоусйа 200ЦЯ 1в10 йть;телавиа;;99
05.342;стяижтг йяела йть;телавиа;;99
05.346;питес ELVIART 19 cm 20 тлв йть;телавиа;;99
05.347;пита SELECT 15 CM.FROZEN;pieces;;99
05.348;сжокиата коуйамийо сталос йть;телавиа;;99
05.350;ьылайи лпацй.мО1 кеуйг пяоь.йть;телавиа;;99
05.351;ьылайи тост лауяо йть;телавиа;;99
05.352;питса атолийг саком.йть;тЕЛэВИА;;99
05.355;лпоуйиес йасеяойяойета 0.500ЦЯ.йть;телавиа;;99
05.358;лпоуйиес туяойяойета 0.500 ЦЯАЛ.йть;тЕЛэВИА;;99
05.359;лпоуйиес мтолатойежтес 400ЦЯАЛ.йть;тЕЛэВИА;;99
05.369;питса атолий.цакопоука1в1 йть ПЕИСТЯИ;тЕЛэВИА;;99
05.370;тяицымг спама./туяи 1в1 йть ПЕИСТЯИ;тЕЛэВИА;;99
05.371;тяицымг йяела 1в1 йть ПЕИСТЯИ;тЕЛэВИА;;99
05.372;сжокиата коуйамийо спесиак йть;тЕЛэВИА;;99
05.375;тяицымайи йасеяи выяиатийо;телавиа;;99
05.376;тяицымайи фалпом-йасеяи выяиат.;телавиа;;99
05.379;питес ELVIART паяадосиайг 17 cm йть;пайет.;;99
05.380;тяицымг спамайи мгст.выяиат.;телавиа;;99
05.381;леяемта йяела CHOCO DAY кеуйг 12й;йИКэ;;99
05.382;леяемта пяакима CHOCO DAY 12й;йИКэ;;99
05.383;леяемта NUCREMA пяакима жоумт.12 йик;телавиа;;99
05.386;пеимияки спесиак сакомийиа йть;телавиа;;99
05.387;йяоуасам сойок.глеяас DOLCE;телавиа;;99
05.388;ьылайи HOT DOG JUMBO соус. айопо 32тл;телавиа;;99
05.389;лоустаяда HеLLM. 4.8йик;телавиа;;99
05.390;сж.аккамт. ле глисйк саком.;йИКэ;;99
05.392;лгкопита BRIOS;йИКэ;;99
05.393;лпоуцатса сойоката;телавиа;;99
05.394;тяицымг фалп-йас выя.;йИКэ;;99
05.395;тяицымг пипеяоп. выя.;йИКэ;;99
05.396;сжокиата фалпом-йасеяи сактс.;йИКэ;;99
05.397;тавими BRIOS;йИКэ;;99
05.398;пеимияки выяис аккамтийа саком;телавиа;;99
05.399;тяицымайи йила выяиат. сталос йть;телавиа;;99
05.400;йяоуасам лими спесиак сак.;йИКэ;;99
05.401;леяемта NUCREMA кеуйг 12KG;телавиа;;99
05.402;йяоуасам 150ця тупопоиглемо;телавиа;;99
05.403;пита ламык. 16cmпай.10тел;пайет.;;99
05.404;пита йупяиайг тяужым пай.10тлв;пайет.;;99
05.405;питса жутийо пяозом тетяац 1kg йть;телавиа;;99
05.406;питса спесиак 1.150gr йть;телавиа;;99
05.407;йяоуасам тавимопита йть;телавиа;;99
05.408;пита ламык. смай пай.10тлв йть;телавиа;;99
05.409;йотопита выяиат сталос йть;телавиа;;99
05.410;спамайопита таьи мгст. лийяо йть;телавиа;;99
05.411;питса спесиак 1100gr лrGreek йть;телавиа;;99
05.412;питса атол. 19cm 260gr лrGreek йть;телавиа;;99
05.413;йактсоме атолийо 250gr MrGreek йть;телавиа;;99
05.414;пеимияки атолийо 250gr MrGreek йть;телавиа;;99
05.415;йоукоуяи окийгс сакомийиа йть;телавиа;;99
05.416;паяадосиайо сталос йть;телавиа;;99
05.417;йоукоуяи окийгс PHILAD.цакоп сталос йть;телавиа;;99
05.418;лпоуяейи лпижтейи сталос йть;телавиа;;99
05.419;жыкиа йотас BRIOS сталос йть;телавиа;;99
05.422;пацыто саяацки бамикиа йть;йибытиа;;99
05.423;лпоуцатсайи йяела саком йть;телавиа;;99
05.424;лпоуцатса фалпом йасеяи сталос йть;телавиа;;99
05.425;йяоуасам лими пяакимас 40ЦЯ 1в8kg сталос йть;йИКэ;;99
05.426;йяоуасам фалпом-туяи-лпеийом сталос йть;телавиа;;99
05.427;коуйамопита дипкг BRIOS сакомийиа йть;телавиа;;99
05.428;питса атол 19cm 260gr мгстис MrGreek йть;телавиа;;99
05.429;лими питса сакомийиа йть;йИКэ;;99
05.430;лими коуйамопитайи сакомийиа йть;йИКэ;;99
05.431;сжокиата коуйамопита/цйоумта сакомийиа йть;телавиа;;99
05.432;сжокиата аккамтийо цйоумта сакомийиа йть;телавиа;;99
05.433;фул. ALTA KOUZINA спацц. м10 24в500gr;телавиа;;99
05.434;фул. ALTA KOUZINA спацц м6 24в500gr;телавиа;;99
05.435;тяицымайи 2.5 йика сакомийиа;йИКэ;;99
05.436;йяоуасам спесиак сакомийиа йть;телавиа;;99
06.000;веяайи аями м/ф йть;йИКэ;;99
06.001;лпоути аями м/ф йть;йИКэ;;99
06.002;паидайи аями м/ф йол.йть;йИКэ;;99
06.004;суйытаяиа аямисиа испамиас йть;йИКэ;;99
06.005;емтеяа аямисиа испамиас йть;йИКэ;;99
06.006;сйепг лпокиа аямисиа испамиас йть;йИКэ;;99
06.007;цкуйадиа аямисиа испам йть;йИКэ;;99
06.008;йомтосоубки воияимо йть;йИКэ;;99
06.009;йойояетси аямиоу (еуя.емы.).йть;йИКэ;;99
06.010;соутсоуйайиа пепос  0.50ЦЯ(еуя.емы) йть;телавиа;;99
06.011;лпижтейи валп. пепос 0.80ЦЯ йть;телавиа;;99
06.012;лпижтейи цел лея 0.200ЦЯ (еуя.емы)йть;телавиа;;99
06.013;лпижтейи цел 110ЦЯпепос(еуя.емыс) йть;тЕЛэВИА;;99
06.014;лпижтейи леяидос 0,200ЦЯ (еуя.емы)йть;телавиа;;99
06.015;соубкайи воия.0.60ЦЯ еуя.ем. йть;телавиа;;99
06.016;соубкайи воия.веияоп.каилоу (еуя.емы.) йть;йИКэ;;99
06.018;памсета а/о воия.йть (еуя.ем.);йИКэ;;99
06.021;воияимос каилос а/о ежод.(еуя.ем.) йть;йИКэ;;99
06.023;лосвоу жикето йть;йИКэ;;99
06.024;йоумеки еуя.ем. йть;йИКэ;;99
06.025;воияимо смитсек (еуя. ем.) йть;йИКэ;;99
06.026;воияидиа цакайт.исп.йть;йИКэ;;99
06.029;лосвоу жикето бяаф.йть;йИКэ;;99
06.032;йилас боеиоу йть (еяы.емы.)ежодиасл.;йИКэ;;99
06.033;соутсоуйайиа 0.25 ця(еуя.емы.).йть пепос;телавиа;;99
06.035;йотоцуяос. басикеиоу йть;йИКэ;;99
06.038;воияимос каил.в.у. а/о испам.йть;йИКэ;;99
06.042;сйепг воияимг оккамдиас йть;йИКэ;;99
06.043;паидайиа аями м.фгк.окой.йть;йИКэ;;99
06.044;йотсиа воия.(еуя.ем.) йть;йИКэ;;99
06.045;лпижтейи лесоцеиайо кавам лаяимоу йикоу йть;йИКэ;;99
06.046;лпижтейи пая.50ТЕЛ 105ЦЯ(еуя.емыс) йть;телавиа;;99
06.047;йатсийи окой.йть;йИКэ;;99
06.048;цуяос воияимос еуя. ем. йть;йИКэ;;99
06.051;ьаяомежяи  воияимо жикет.пыкомиас йть;йИКэ;;99
06.052;йотсиа аямисиа;йИКэ;;99
06.053;вгма оккамдиас йть;йИКэ;;99
06.056;соутсоуйайиа (еуя.ем.) йть;йИКэ;;99
06.057;воияимг спака а/о (еуя.емы.) йть;йИКэ;;99
06.062;лосвоу боеиоу каилос а/о.еуя.ем. йть;йИКэ;;99
06.064;йежтедайи спит.20gr.150тл йть;телавиа;;99
06.071;соубкайи воия.0,80ця йть еуя.ем.;телавиа;;99
06.073;воияимг лпяифока л/о (еуя.ем.)йть;йИКэ;;99
06.074;цуяос воия. лаяим е.е.йть;йИКэ;;99
06.076;соутфоуйайи еккгм-еуя.ем. 50ЦЯ йть;йИКэ;;99
06.078;соубкайи 0.60ЦЯЛ лпоути йть.(еуя.ем.);йИКэ;;99
06.079;воияимос каилос а/о еуя.ем.йть;йИКэ;;99
06.081;лпижтейи втаподиоу;йИКэ;;99
06.082;лпижтейи пепос 0.250 цяал(еуя.емы).йть;телавиа;;99
06.084;воияима покитийа еуя.ем.йть;йИКэ;;99
06.086;лпижтейи пепос цел.150ця(еуя.емы.)йть;телавиа;;99
06.088;лпижтейи еккгм.- еуя.ем 220ЦЯ йть;йИКэ;;99
06.090;йотоцуяос ежодиаслос еуя.емы.йть;йИКэ;;99
06.091;памсета а/о воия. окойк.(еуя.ем.)йть;йИКэ;;99
06.093;лпижтейи пяоьглемо 75 ЦЯАЛ.паямасосйть;телавиа;;99
06.094;воияимо йукото а/о (бекцио) йть;йИКэ;;99
06.096;лпижтейи веия.спит.150ЦЯ 40ТЛйть;телавиа;;99
06.098;воияимг лпяифока каил.а/о (еуя.емы.) йть;йИКэ;;99
06.101;лацоука боеиоу (лосвоу) еисацы.йть;йИКэ;;99
06.102;памсета испамиас воия.жуккая е.ем. йть;йИКэ;;99
06.103;воияимг спака а/о оккамдиас жуккая(е.е.) йть;йИКэ;;99
06.104;йотосоубкайи стгхос ежод. йть;йИКэ;;99
06.105;йелпап йакалайи йть (еуя.ем);телавиа;;99
06.106;воияимо йомтосоубки йть (еу.ем);йИКэ;;99
06.107;лосвоу йяеас DIPON оккамд йть;йИКэ;;99
06.108;лосвоу йяеас RIBEYE дамиас йть;йИКэ;;99
06.109;лосвоу цакайтос йомтяа е.е. йть;йИКэ;;99
06.111;йилас воияимос еуя.ем. йть;йИКэ;;99
06.112;йелпапайи лесоцеиайо кавам лаяимоу 500ЦЯ йть;телавиа;;99
07.007;лпижтейи лосваяисио йть (еуя.емыс.);йИКэ;;99
07.009;жикето йотас паяасйеуас. вул еис.аццкиа йть;йИКэ;;99
07.010;жикето йотас ам.бас 7ЙИК екк.йть;йИКэ;;99
07.015;лпоути йотас  а/о бас.7ЙИК йть;йИКэ;;99
07.016;йотолпеийом соубкайи ежодиаслос йть;йИКэ;;99
07.017;йотосоубкайи стгхос веия ALFAKOT йть;йИКэ;;99
07.018;цакопоука ок цак йть;йИКэ;;99
07.023;йотолпоуйиес жик. паме ALFAKOT йть;йИКэ;;99
07.027;цйоятом лпкоу пимдос йть;йИКэ;;99
07.028;смитсек йотас пимдос йть;йИКэ;;99
07.031;жикетайи 35-40gr п/ь ALFAKOT йть;йИКэ;;99
07.032;лпижтейи йотас йаяациам. йть;йИКэ;;99
07.033;смитсек йотопоукоу еуя.ем йть;йИКэ;;99
07.034;лими йяоуасам лаяц.0.25ЦЯ саком;йИКэ;;99
07.035;смитсек йотас басикеиоу йть;йИКэ;;99
07.036;йотолпоуйес жоялас еис.(еуя.ем.) йть;йИКэ;;99
07.039;йотолпеийом соубкайи   бас,йть;йИКэ;;99
07.041;жикето йотас стгхос еисац.;йИКэ;;99
07.043;йопамайи йотас еккад.йть;йИКэ;;99
07.044;йяитсими MAGIC FOOD йть;йИКэ;;99
07.045;жикето йотас петакоуда ежод йть;йИКэ;;99
07.046;смитсек KOT. паме 120ЦЯ;йИКэ;;99
07.048;жикето йотас пяоьгл.йть;йИКэ;;99
07.049;лпоути йотас вула дамиас 5*2 йть;йИКэ;;99
07.051;яоко йотас лпеийом-туяи камая. йть;йИКэ;;99
07.053;жтеяоуцес паме (CHICKEN WINGS) 3в1kg йть;йИКэ;;99
07.054;лосвоу лпяифока л/о йть;йИКэ;;99
07.056;жикето стгхос йотоп окойк ALFAKOT йть;йИКэ;;99
07.057;йопамайи йотопоуко еисац. йть;йИКэ;;99
07.058;жикето стгх.йотас.йть;йИКэ;;99
07.060;йотосоубкайи лпоути веия. ALFAйот йть;йИКэ;;99
07.061;смитсек йот.жик. BUFFET;йИКэ;;99
07.063;смитсек йотас паме паямассоу йть;йИКэ;;99
07.064;смитсек йотас паме жик. ALFAйот йть;йИКэ;;99
07.065;цйоямтом лпкоу (TURKEY GORDON BLUE) 5kg йть;йИКэ;;99
07.067;жикето лпоути а/о окойк ALFAKOT йть;йИКэ;;99
07.069;йота кояида пяоьгл.еисац.таукамдг.йть;йИКэ;;99
07.070;цкысса аямисиа йть;йИКэ;;99
07.071;йотолпоуйиес паямасос 3 йик.йть;йИКэ;;99
07.072;цалпаяи ецвы.йть;йИКэ;;99
07.073;жтеяоуцес йотас камая. йть;йИКэ;;99
07.074;жикето йота стгх.ежодиа.0%йть;йИКэ;;99
07.076;жикето йотас стгх.оккамд.100ця IQFйть;йИКэ;;99
07.077;жтеяоуцес паме B.б.Q йть;йИКэ;;99
07.081;йотолпеийом соубкайи веия. ALFAKOT йть;йИКэ;;99
07.082;йотосоубкайи лпоути ежод. йть;йИКэ;;99
07.084;жтеяоуцес ббQ RETAIL 500gr ALFAKOT йть;йИКэ;;99
07.086;йотолпоуйиес (DE POLLO REBOZADO) 5X1kg йть;йИКэ;;99
07.087;йотолпоуйиес (CHICKEN NUGGETS) 400gr йть;йИКэ;;99
07.088;яоко цакопоукас еуя.ем. йть;йИКэ;;99
07.089;цалпаяг лофалбийгс 30/40 400gr йть;телавиа;;99
08.001;фаяйади спака а/о еис йть;йИКэ;;99
08.002;екажи спака а/о еис йть;йИКэ;;99
08.004;кацос а/д аяцем йть;йИКэ;;99
08.009;оятуйиа еуя.ем. 120-200gr пай. 3тел йть;телавиа;;99
08.013;папиа окой.цеяламиас йть;йИКэ;;99
08.017;пипеяайи тоуяси 40 йика;телавиа;;99
08.023;фаяйади лпоути л/о йть;йИКэ;;99
08.024;яокко воияимо йть;йИКэ;;99
09;сакатес;йИКэ;;99
09.001;яысийг CONDITO 2.5 йик.;йИКэ;;99
09.002;туяосаката CомтиTO 2йик;йИКэ;;99
09.003;йгпоуяоу CONDITO 2.5kg;йИКэ;;99
09.004;оуццаяефа кеуйг CONDITO 2.5йик.;йИКэ;;99
09.005;таяалас кеуйос CONDITO 2Kg;йИКэ;;99
09.006;пипеяиа жкыяимгс 2.4йик;телавиа;;99
09.007;памтфаяи 5йик;телавиа;;99
09.008;лекитсама поктос 3йик.;йИКэ;;99
09.009;ламитаяиа жетес йом ок 2.5й;телавиа;;99
09.012;гкиекаио 10 китяа;телавиа;;99
09.013;жоимийекаио паклокг жут купос;йИКэ;;99
09.024;йабоуяосаката лациомефа;йИКэ;;99
09.027;лекитсамосаката лац.;йИКэ;;99
09.028;пататосаката хеялазйос;йИКэ;;99
09.036;спесиак едесла YO-FRESH йояужг 5kg;йИКэ;;99
09.038;пийкес 6ЙИК;телавиа;;99
09.040;жкыяимгс целистг;йИКэ;;99
09.041;пипеяайи тоуяси 800ЦЯ;телавиа;;99
09.042;пипеяиа жкыяимгс 380ЦЯ йть;телавиа;;99
09.043;жут.куп.&екаиа(FRYING PREMIUM LINE) 10LITR.;телавиа;;99
09.044;ламитаяи йом.окойк.3йик.;телавиа;;99
09.048;пацыто цкуйисла  бамикиа 9 кит.;телавиа;;99
09.049;пацыто нук. жустийи йть;йибытиа;;99
09.050;тоуята жяаоука;телавиа;;99
09.051;пацыто нук. кеуйг сой. йть;йибытиа;;99
09.052;тоуята буссимо;телавиа;;99
09.053;пацыто нук. сойоката йть;йибытиа;;99
09.054;тоуята COOKIES;телавиа;;99
09.056;мтолатайи окой.апожк.2.6й;телавиа;;99
09.057;томос йомс.жиккипим. 1.705ЦЯ;телавиа;;99
09.059;пацыто пуяаук.жяаоука йть;йибытиа;;99
09.060;сйкгяо SANTO туяи тяилемо йокиос;йИКэ;;99
09.061;сйоядакиа хеялазйос;йИКэ;;99
09.062;туяи жета меоцак поп;йИКэ;;99
09.066;пацыто пуяаук. сойоката йть;йибытиа;;99
09.068;туяи текелес меоцак;йИКэ;;99
09.069;пацыто нук. йаядиа лпамама йть;йибытиа;;99
09.075;фылос кавамийым KNORR 1.2 ЙИК.;телавиа;;99
09.076;фылос йотас KNORR 4 йик.;телавиа;;99
09.078;лаялекада яодайимо 0.400gr;телавиа;;99
09.079;боутуяо LURPAK 100ТЕЛ;телавиа;;99
09.081;поуяес;йИКэ;;99
09.082;мтолатопоктос сул. итакиас 4.5йик.;телавиа;;99
09.084;пацыто пуяаук.цакайтос йть;йибытиа;;99
09.085;пацыто сойоката 10ltr йть;телавиа;;99
09.086;пацыто пуяаук.йаяалека;йибытиа;;99
09.088;"йасеяи совоу ""пяоийа""";йИКэ;;99
09.090;цйоумта оккамдиас тяилемг;йИКэ;;99
09.092;туяи жета йокиос лпок 100gr 4kg;телавиа;;99
09.093;фылос KNORR DEMI GLASS 1.2ЙИК;телавиа;;99
09.094;цйоумта жяамтф.48% цеяламиас;йИКэ;;99
09.097;яебами таьи 2 йика;йИКэ;;99
09.098;туяи кеуйо йокиос;йИКэ;;99
09.099;туяи паялефама 1/8 итакиас;йИКэ;;99
09.100;кавамо тоуяси 12ЙИК;телавиа;;99
09.101;лекитфама тоуяси 4kg;йИКэ;;99
09.103;жасокиа йойим.йомс.3йик.;телавиа;;99
09.112;сйкгяо туяи сац.жяатфока аустяиас 45%;йИКэ;;99
09.114;сйкгяо туяи сацам. жетес/леяидес 120цял.;йИКэ;;99
09.117;яысийг саката мгстис. 2kg;йИКэ;;99
09.120;лациомефа DRESSING мгстис 2kg;йИКэ;;99
09.121;таяалас CONDITO 2 йик.;йИКэ;;99
09.122;цйоумта лпкой 48% окамд.е.е.;йИКэ;;99
09.123;ациотуяи лпаст.;йИКэ;;99
09.124;фылос кавамийым KNORR 4 ЙИК;телавиа;;99
09.126;спесиак едесла цйкитса 5ЙИК.;телавиа;;99
09.138;яойжоя BLUE CHEESE дамиас 3ЙИК;йИКэ;;99
09.145;цака дивту 7.5% кип.;йибытиа;;99
09.151;лоустаяда DIJON 190ця;телавиа;;99
09.152;йетсап ALFA 4,1ЙИК;телавиа;;99
09.153;лаяцаяимг йяоуасам 20ЙИК;йИКэ;;99
09.154;ьыли  валп.соус. SELECT 60ТЕЛ;телавиа;;99
09.155;пипеяайиа тоуяси 10ЙИК;йИКэ;;99
09.156;лаялекада яодайимо йол/тиа 6kg;йИКэ;;99
09.157;лаялекада беяуйойо 0.400gr;телавиа;;99
09.159;лаялекада йеяаси 0.400gr;телавиа;;99
09.160;лаялекада жяаоука  дов.6 ЙИК.;йИКэ;;99
09.163;сактса питсас итакиас;телавиа;;99
09.165;питес SELECT 17 cm 120ТЕЛ йть;телавиа;;99
09.166;алпекожукка йягтгс бафо 240ця;телавиа;;99
09.167;лпижтейи сокылоу йть;йИКэ;;99
09.168;лоустаяда ALFA 4.5ЙИК;телавиа;;99
09.169;сактса аццкийг KNORR 1125ЦЯЛ.;телавиа;;99
09.171;сактса песто цемобас 950ЦЯ;телавиа;;99
09.176;питес аяабийес лийяес йть;телавиа;;99
09.189;сактса DEMI CLASSE  1.2 йик.;телавиа;;99
09.190;фылос йотас KNORR 7 йик.;телавиа;;99
09.191;лаяцаяимг леяида 10ЦЯЛ;телавиа;;99
09.192;сакали аеяос йолемо сусй;йИКэ;;99
09.196;сокылос йапм.йть;телавиа;;99
09.199;спака боеиоу а.о йть цаккиас;йИКэ;;99
09.200;лоустаяда екаиокадо хулаяи леки 200ця;телавиа;;99
09.201;лаяцаяимг еисацы.2 ЙИК.;телавиа;;99
09.207;йетсап TOP DOWN 490gr. GLUTEN FREE;телавиа;;99
09.208;лоустаяда апакг TOP DOWN 470ЦЯ CONDITO;телавиа;;99
09.224;туяи жаст кеуйо йокиос 8 йик.;йИКэ;;99
09.230;цйоумта лпкой 48% оккамд.FRICO;йИКэ;;99
09.235;лоустаяда паста екиас 200ЦЯ CONDITO;телавиа;;99
09.236;жут.кип. FRYING OIL 10ltr 1в2 гкиос;телавиа;;99
09.237;жутий лицла екаиым (BUONFRITTO)10КИТ;телавиа;;99
09.239;йежакотуяи сйкгяо 45% тяил 6в1kg;йИКэ;;99
09.247;цомдока стяатсатека-цйожяета;телавиа;;99
09.248;йоялос бамикиа алуцдако;йИКэ;;99
09.254;йоялос GIANDUIA-COOKIES;йИКэ;;99
09.255;пацыто пуяаук. паяже йть;йибытиа;;99
09.257;пацыто нук. сойоката алуцдако йть;йибытиа;;99
09.258;пацыто нук. йаядиа жяаоука йть;йибытиа;;99
09.259;пацыто нук. обак алуцдако йть;йибытиа;;99
09.260;тоуята лпамама;телавиа;;99
09.270;цомдока поятойаки йайао;телавиа;;99
09.273;жаст сусй.400цяв6 йокиос;телавиа;;99
09.276;сыс баксалийоу 500gr;йибытиа;;99
09.277;мтолата пеяастг итакиас 4.05ЙИК;телавиа;;99
09.278;мтолатопоктос 4.5 ЙИК.CONDITO;телавиа;;99
09.280;лпижтейи 100ЦЯ екк-еуя.ем. йть;йИКэ;;99
09.281;пийкес тоуяси 13 йика;телавиа;;99
09.282;йомйасе амма ьик.мтол.итакиас 3ЙИК;тЕЛэВИА;;99
09.286;мтолата поукпа 5 йик.;телавиа;;99
09.291;мтолата жета апожк 425цяал;телавиа;;99
09.292;мтолата тоуяси 8 йик.;тЕЛэВИА;;99
09.293;екиа йакалым 121-140 4йик PET;йИКэ;;99
09.299;лациомефа яет бафо 500ml;телавиа;;99
09.300;туяойаутеяг CомтиTO 2йик;йИКэ;;99
09.302;тоуята сойоката;телавиа;;99
09.304;йапаяг 2кит;телавиа;;99
09.305;туяи йяела 70% кип. цеяламиас;йИКэ;;99
09.308;вакоули гл.туя.йупяоу 225gr;йИКэ;;99
09.314;лациомефа ейтос ьуцеиоу 5 кит;телавиа;;99
09.318;йгпоуяоу саката мгстис 2kg;телавиа;;99
09.323;сыс CAESAR 2ЙИК;телавиа;;99
09.324;ьылайи kaiser кеуйо 100ТЕЛ;телавиа;;99
09.325;йабоуялас жетес;йИКэ;;99
09.329;лациомефа мтекитс.REAL 4.2;телавиа;;99
09.333;цака ебапояе цеяламиа 7.5%;телавиа;;99
09.334;цйоумта FORMA TOAST биотяос 2.5kg;телавиа;;99
09.335;лоустаяда баяекайи CONDITO 4.5;телавиа;;99
09.336;коуйамийа хакассимым IQF йть;йИКэ;;99
09.337;лпижтейи хакассимым 3kg йть;йИКэ;;99
09.338;йетсап CONDITO 4,1 апако;телавиа;;99
09.339;сыс лоустаядас 2.5йика;йИКэ;;99
09.349;сыс лоустаядас мгстис 2kg;йИКэ;;99
09.354;сйкгяо туяи жут. кип. YUMMI тяилемо;йИКэ;;99
09.357;пацыто пуяаук. кеуйг йть;йибытиа;;99
09.358;пацыто нук. цакайтос йть;йибытиа;;99
09.364;пацыто оий. йаяалека 2ltr йть;йибытиа;;99
09.365;лпаялпейиоу 2.25ЙИК.;телавиа;;99
09.367;пацыто нук. обак 0% йть;йибытиа;;99
09.370;пацыто оий. суйо 2ltr йть;йибытиа;;99
09.371;пацыто пуяаук. алуцдако цакайт йть;йибытиа;;99
09.372;пацыто самтоуитс сойоката йть;йибытиа;;99
09.373;пацыто оий. алаяема 2ltr йть;йибытиа;;99
09.374;пацыто нук COOKIES;йибытиа;;99
09.375;соубкайи воия.65ЦЯ.йук-каил(еуя.ем.)йть;телавиа;;99
09.376;пацыто нук. обак йаяалека йть;йибытиа;;99
09.377;пацыто оий. бамикиа 2ltr йть;йибытиа;;99
09.379;тоуята йаяалека;телавиа;;99
09.381;тоуята стяатсиатека;телавиа;;99
09.382;йяела DEBIC лацеияийгс VEGETOP 1китя.;телавиа;;99
09.383;йяела цакай.1Ltr жутийг ADORO;телавиа;;99
09.384;сйкгяо моVоCHEF жяатф.LEADER;йИКэ;;99
09.385;йяела йаяалеке 2 йик.;телавиа;;99
09.386;памайота лицла 2йик.;телавиа;;99
09.387;лаялекада жяаоука 0.400gr;телавиа;;99
09.391;фылос йотас KNORR 1,2 ЙИК.;телавиа;;99
09.398;йяиталос тоуяси 950gr;телавиа;;99
09.402;йяела цакай.VEGETOP SWEET 2litr.;телавиа;;99
09.404;тфатфийи тяижто CONDITO;йИКэ;;99
09.405;лоZZARELLA жяатфока 40% бекциоу;йИКэ;;99
09.406;жут.куп.леицла FRIMAX бекциоу 10ЙИК.;телавиа;;99
09.407;вакбас лпастоуми 2.5kg жустийи;йИКэ;;99
09.409;лпижтейи веия/то бодимо 100gr;йИКэ;;99
09.410;сежтакиа йупя. 500ЦЯАЛ.йть;телавиа;;99
09.412;лоустаяда ле симамоспояо 190ця;телавиа;;99
09.413;йетсап CONDITO йама.4,5;телавиа;;99
09.414;лоустаяда CONDITO йамата 4.5;телавиа;;99
09.416;екиес пяасимес COLOSAL 121-140 13ЙИК;йИКэ;;99
09.418;сйкгяо туяи GRAN REDDA 32% итакиас;йИКэ;;99
09.419;сйкгяо туяи паялеф.GRAN 32% итакиас;йИКэ;;99
09.420;лаялекада леяида жяаоука (180) 20ЦЯАЛ.;йибытиа;;99
09.421;лаялекада беяуйойо йол/тиа 6kg;йИКэ;;99
09.422;екаиокадо ентяа паях. ''екаиым'' 5кит лет.;телавиа;;99
09.425;йяела цакайт. DEBIC VEGETOP фаваяг 2ltr;телавиа;;99
09.426;йяела цакайт.UHT 35% кипая.бекциоу;китяо;;99
09.428;екиа вакйидийгс нудатг вамтяайи 161-180 3kg;йИКэ;;99
09.429;лоустаяда апакг лпетоми 4.2ЙК;телавиа;;99
09.430;туяи жета йокиос 15kg;йИКэ;;99
09.432;туяи текеле цйкитса глидовеио;йИКэ;;99
09.433;сйкгяо туяи тоу босйоу аустяиас 45%;йИКэ;;99
09.436;лоустаяда лпяаба 4 ЙИК.;телавиа;;99
09.438;екиа алжи.141-160 GIANTS 13ЙИК.;йИКэ;;99
09.441;цяабиеяа маноу поп 3kg;йИКэ;;99
09.442;цяабиеяа йягтгс пея. 4kg;телавиа;;99
09.443;йапмисто лайедомиас VIOTROS 2в2.6kg;йИКэ;;99
09.449;аццоуяайи тоуяси 370gr мет;тЕЛэВИА;;99
09.450;пипеяайиа тоуяси 570gr йеседайи;тЕЛэВИА;;99
09.451;пийкес тоуяси 570gr йеседайи;тЕЛэВИА;;99
09.452;сактса питсас CONDITO 4ЙИК.;телавиа;;99
09.455;сыс циаоуятиоу 2.5йика;йИКэ;;99
09.456;сыс кеуйым туяиым 2йик;йИКэ;;99
09.458;вакбас тапея 1йико йайао;тЕЛэВИА;;99
09.459;вакбас жустийи 500gr тапея;тЕЛэВИА;;99
09.463;тавими 300gra.цуакимо бафо сакомийиос;тЕЛэВИА;;99
09.466;лаялекада беяуйойо айтима дов.6ЙИК.;йИКэ;;99
09.467;аспяо йокиос 15ЙИК.л.б.;йИКэ;;99
09.468;жут. лицла яажиме (FAMA FRITTO) 10 litr.;китяо;;99
09.469;фылос йотас BOUILLON D*OR 1.2ЙИК.;йИКэ;;99
09.470;фылос кавамийым BOUILLON D*OR 1,2ЙИК.;йИКэ;;99
09.471;сактса DEMI GLACE BOUILLON DOR 1ЙИК.;йИКэ;;99
09.472;сактса йаялпомаяа 6в1ЙИК.;телавиа;;99
09.474;цйоумта жути.кип мгстисило SANTECIANO 2.5ЙИК.;йИКэ;;99
09.475;питса сйепастг;йИКэ;;99
09.476;питса атол мгстисилг ПЕЗСТЯИ;телавиа;;99
09.479;цйоумта тяиллемг ADORO 200ЦЯАЛ.;телавиа;;99
09.480;сежтакиа йупя.йть;йИКэ;;99
09.483;цкуйофг 400gra.цуакимо бафо;тЕЛэВИА;;99
09.484;вакбас тапея 1йико жустийи;тЕЛэВИА;;99
09.485;вакбас тапея 1йико бамикиа;тЕЛэВИА;;99
09.486;питес SELECT 17cm паяадосиайг йть;тЕЛэВИА;;99
09.487;тавими 300gr.цуакимо бафо ле леки;тЕЛэВИА;;99
09.494;лаялекада йеяаси 6ЙИК;йИКэ;;99
09.495;лаялекада яодайимо 6ЙИК.;йИКэ;;99
09.496;екаиокадо ентяа паях. екаиымес 5ltr;телавиа;;99
09.498;екиес йакалым 141-160 дов.13йк;йИКэ;;99
09.499;вакбас жяоуйтофг 300gr;телавиа;;99
09.500;йаяудекаио удяоц/мо итакиас 25ЙИК.;телавиа;;99
09.501;екаиокадо ентяа паях 1кит ''екаиым'';телавиа;;99
09.502;сокылос жик.суя/сг еис.йть;йИКэ;;99
09.503;йежакотуяи паяад. аясемийо маноу;йИКэ;;99
09.504;пуяимекаио 5кит;телавиа;;99
09.505;пацыто оийоц. сойоката 5ltr;телавиа;;99
09.506;пацыто оийоц. бамикиа 5ltr;телавиа;;99
09.507;пацыто оий. бамикиа-сойоката 2ltr йть;йибытиа;;99
09.508;пацыто оий. COOKIES 2ltr йть;йибытиа;;99
09.509;пацыто оий. STRATSIATELA 2ltr йть;йибытиа;;99
09.510;пацыто оийоц. BUENO 5ltr;телавиа;;99
09.511;пацыто оий. сойоката 2ltr йть;йибытиа;;99
09.512;пацыто оийоц. LILA PAUSE 5ltr;телавиа;;99
09.513;пацыто оий.бамик.-сойок-жяаоука 2ltr йть;йибытиа;;99
09.514;лациомефа HELMANNS 5ЙИК.;телавиа;;99
09.519;"екаиокадо ""екаиым"" 5к. пет.";телавиа;;99
09.523;глисй/яо туяи жояла 3kg пимдос;йИКэ;;99
09.525;туяи лпке дамиас LONGWOOD 2тлв;йИКэ;;99
09.527;туяи цяабиеяа цидимг 3йик;йИКэ;;99
09.528;туяи еллемтак аустяиас лпкой;йИКэ;;99
09.529;йяела цакайтос DEBIC VEGETаL 1LT;телавиа;;99
09.530;глисй. туяи GRILL CHEESE 43% вакоул.екк.;йИКэ;;99
09.531;туяи жета поп меоцак довеио 16ЙИК.;йИКэ;;99
09.533;сйкгяо туяи биотяос PER MACHERONI 2kg;йИКэ;;99
09.534;пацыто оийоц. суйо 5ltr йть;телавиа;;99
09.535;пацыто оийоц. стяатсиатека 5ltr йть;телавиа;;99
09.536;пацыто оийоц. сойолпамама 5ltr йть;телавиа;;99
09.537;пацыто оийоц. жяаоука цакайт. 5ltr йть;телавиа;;99
09.538;пацыто оийоц. жустийи 5ltr йть;телавиа;;99
09.539;пацыто оийоц. йазлайи покитийо 5ltr йть;телавиа;;99
09.540;пацыто оийоц. тсивкожоусйа 5ltr йть;телавиа;;99
09.541;пацыто оийоц. лпамама 5ltr йть;телавиа;;99
09.542;пацыто оийоц. йаяалека 5ltr йть;телавиа;;99
09.543;пацыто оийоц. жяоута дасоус 5ltr йть;телавиа;;99
09.544;пацыто оийоц. келоми 5ltr йть;телавиа;;99
09.545;пацыто оийоц. жяаоука 5ltr йть;телавиа;;99
09.546;пацыто самтоуитс бамикиа йть;йибытиа;;99
09.547;пацыто цкуйисла BUENO лпык йть;телавиа;;99
09.548;пацыто цкуйисла сойоката 9ltr йть;телавиа;;99
09.549;пацыто оийоц. COOKIES 5ltr йть;телавиа;;99
09.550;пацыто нук. цакайт нгяои йаяпои йть;йибытиа;;99
09.551;пацыто нук. сойоката нгяои йаяпои йть;йибытиа;;99
09.552;пацыто диажояа нукайи йть;йибытиа;;99
09.553;пацыто диажояа пуяаукайи йть;йибытиа;;99
09.554;пацытими диажояа йть;йибытиа;;99
09.555;пацыто саяацки 9ltr йть;телавиа;;99
09.556;пацыто тяицымайи йть;йибытиа;;99
09.557;пацыто цкуйисла саяацки 9ltr;телавиа;;99
09.558;пацыто саяацки бамикиа ле сой йть;йибытиа;;99
09.559;цйоумта мгст SANTECIANO жета 140ЦЯ биотяос;йИКэ;;99
09.560;пацыто оийоц. BLACK FOREST 5ltr йть;телавиа;;99
09.561;пацыто оийоц. алаяема 5ltr йть;телавиа;;99
09.562;пацыто оийоц. FERERO 5ltr йть;телавиа;;99
09.563;пацыто оийоц.тоукоулпа 5ltr йть;йибытиа;;99
09.564;пацыто оийоц. BISCOTINO 5ltr йть;телавиа;;99
09.565;пацыто оийоц. тияалисоу 5ltr йть;телавиа;;99
09.566;пацыто оийоц. ламцйо 5ltr йть;телавиа;;99
09.567;пацыто оийоц паяже бамикиа 5ltr йть;телавиа;;99
09.569;туяи CHEDDAR KERRYGOLD жяатф 3в2.5kg;йИКэ;;99
09.570;лаялекада леяидас яодайимо 180в20ЦЯ.;йибытиа;;99
09.571;лаялекада леяидас йеяаси 180в20ЦЯ.;йибытиа;;99
09.572;лпайкабадайи таьи 2 йика;йИКэ;;99
09.573;йамтаижайи таьи 2 йика;йИКэ;;99
09.574;саяацки жыкиес таьи 2 йика;йИКэ;;99
09.575;саяацки намхгс таьи 2 йика;йИКэ;;99
09.576;йойтеик таьи пкаст. 2 йика;йИКэ;;99
09.578;саяацки таьайи 1.5 йика;йИКэ;;99
09.579;туяи жетайи BURGER 140ЦЯ биотяос;йИКэ;;99
09.580;аяабоситекаио 5ltr гкиос;телавиа;;99
09.581;аяабоситекаио 2ltr гкиос;телавиа;;99
09.582;аяабоситекаио 1ltr гкиос;телавиа;;99
09.583;боутуяо ADORO 16/250ця цеялам.;телавиа;;99
09.586;томопитайи (MINI TUNA PIE) 4X1kg йть;йИКэ;;99
09.587;цйоумта жета NOVO 200gr;телавиа;;99
09.588;йяела цакайтос ADORO 35% 1ltr;телавиа;;99
09.589;сйкгяо туяи YUMMI тяилл. жут. кип. 1kg;йИКэ;;99
09.590;цака BARISTA'S GOLD 3.6% пкгяес 1.5ltr;телавиа;;99
09.591;вакбас паяадос. лпаст. бамикиа 2.5kg;йИКэ;;99
09.592;вакбас паяадос. лпаст. йайао 2.5kg;йИКэ;;99
09.593;вакбас паяадос. лпаст. жустийи 2.5kg;йИКэ;;99
09.594;сйкгяо туяи ADORO жета сацамайи 800gr;телавиа;;99
09.595;йапаяг бафо 110ЦЯ;телавиа;;99
09.596;тоуяси целисто тапея 3 йика;йИКэ;;99
09.597;соутфоуйайи втаподиоу 500gr йть;телавиа;;99
09.599;йелпап хакассимым IQF йть;йИКэ;;99
09.600;воулоус саката GREEN CHEF;йИКэ;;99
09.601;лациомефа 2йикым мгст. лаяимос;йИКэ;;99
09.602;пийкес 50 йика;телавиа;;99
09.603;сйкгяо туяи сацамайи диаламти жета;йИКэ;;99
09.604;такацами жяатфока;йИКэ;;99
09.605;цйоумта VIOFREE лпаст. йаут.пипеяиа 2.5kg;йИКэ;;99
09.606;цака BARISTA'S GOLD 0% кипаяа 1.5ltr;телавиа;;99
09.607;вакбас паяадос. лпаст.алуцдако 2.5kg;йИКэ;;99
09.608;сйоядакиа хеялазйос 450gr;телавиа;;99
09.609;томос кадиоу йомсеяба 1.400gr;телавиа;;99
09.610;пацыто нук. BUENO йть;йИКэ;;99
10.008;саядекес жик.йть;йИКэ;;99
10.011;втаподи T4 пкой. ыло IQF 2X2.5kg;йИКэ;;99
10.013;йабоуяосаката 3Й;телавиа;;99
10.016;йабоуяи се кади хеялазйос;йИКэ;;99
10.019;акати йоуб.12.5йик.;телавиа;;99
10.020;аццоуяайи тоуяси цкуйонимо 5й;телавиа;;99
10.021;мтолат.киасто 2.5йик.;телавиа;;99
10.026;екиа яодека пяасимг 4йик.;телавиа;;99
10.028;лпайакиаяос ецвыяиос паялемидгс йть;йИКэ;;99
10.030;таяалопоктос 3.8 ЙИК.;тЕЛэВИА;;99
10.033;екиа лауя. бокоу 91-100 8kg;телавиа;;99
10.034;екиа хасоу хяоулпа 5ЙИК;телавиа;;99
10.040;нуди баксалийо цицас 4 китя.;телавиа;;99
10.041;жяуцамиа тяила;йИКэ;;99
10.043;цйоумта оккамдиас жетес;йИКэ;;99
10.044;екиа лутикгмгс довеио 13йик.;телавиа;;99
10.048;екиа лауя. бокоу (121-140) 50йик.;телавиа;;99
10.049;екиес йакалым яодека тапея 3kg;йИКэ;;99
10.050;ауца выяиатийа;телавиа;;99
10.051;екиа лауяг бокоу (121-140) 13йик;йИКэ;;99
10.054;екиа даласйгмоекиа цкуйиа VACUM 5kg;телавиа;;99
10.056;екиес йакалым (161-180) 13й;телавиа;;99
10.057;саядека жяус йть;йИКэ;;99
10.059;оуфолефес 400ця.;телавиа;;99
10.060;яецца жик.йапм VACUM;йИКэ;;99
10.061;амтсоуциа FIDEL 5.5kg мО0;телавиа;;99
10.062;томокайеяда 400 цяал.;телавиа;;99
10.064;цауяос айежак. йть;йИКэ;;99
10.066;амтсоуциа FIDEL 5.5kg мО1;телавиа;;99
10.069;яецца жикето 500 цяал.;телавиа;;99
10.071;екиа йакалым 161-180 тапея 6 йика;телавиа;;99
10.074;фалпом  жетес лпоути пий мий мийас;йИКэ;;99
10.077;амтсоуциа 1йик посеидым;телавиа;;99
10.083;екиес салохяайгс 13kg;телавиа;;99
10.084;деицла дыяеам;телавиа;;99
10.086;екиес пя.вак. ейп/лемес 6йик;телавиа;;99
10.087;сйоулпяи жета FIDEL 400ЦЯ.;телавиа;;99
10.092;нуди GALAXY баксалийо 4L;телавиа;;99
10.093;екиа йакал паста пипея 3kg;телавиа;;99
10.095;екиа стажида вакйидийгс VAC 5йик.;йИКэ;;99
10.097;леки леяидес 20ЦЯАЛ(200ТЕЛ);телавиа;;99
10.098;леки епикоцг/екк.пая. 5 йика;телавиа;;99
10.099;йолпоста беяийойо;телавиа;;99
10.100;тавими еккгмийо 5йик.;телавиа;;99
10.101;тсаи лауяо йеукамг жай.100 в 1,5ЦЯАЛ.;йибытиа;;99
10.102;валолгки жайекайи пай.100ТЕЛ.;телавиа;;99
10.105;йоям жкаоуя 1,5 ЙИК.;телавиа;;99
10.106;феке лпамама 6в2ЙИК.;телавиа;;99
10.107;феке поятойаки 6в2ЙИК.;телавиа;;99
10.108;екиес пяас. S.лалоух 91-100 13 ЙИК.;йИКэ;;99
10.109;йолпоста яодайимо 3ЙИК;телавиа;;99
10.111;екиа пяас. вак. 121-140 8йик.;йИКэ;;99
10.112;йолпоста йойтегк;телавиа;;99
10.114;екиа йакалым яодека 4ЙИК.;телавиа;;99
10.116;екиа вакйидийгс нудатг 101-110 13kg;йИКэ;;99
10.117;екиа йакалым паста бафо 190ЦЯ.;телавиа;;99
10.136;леки амхеым еисац. 6.5kg;йИКэ;;99
10.140;екиа яодекка пяасимг тапея 3kg;йИКэ;;99
10.153;нуди баксалийо 0,500ml GALAXY 12ТЕЛ.;йибытиа;;99
10.155;нуди пгцасос луконудо 12тел 400ml;телавиа;;99
10.156;феке жяаоука 6в2 ЙИК.;телавиа;;99
10.158;нуди баксалийо BOTANICO кеуйо 4lit;телавиа;;99
10.159;нуди баксалийо BOTONICO 4litr.кафаяидг;телавиа;;99
10.160;акати мийг ьико 5ЙИК.;телавиа;;99
10.161;екиа алжис. цкуйиа VAKOUM 5ЙИК.;телавиа;;99
10.162;екиа бокоу лауяг 231-260  13ЙИК.;телавиа;;99
10.166;екиа поктос 3ЙИК.;йИКэ;;99
10.170;таяалопоктос хеялаийос;йИКэ;;99
10.172;келоми AGROS;йибытиа;;99
10.173;нуди апо йяаси ARTEMIS;йибытиа;;99
10.174;нуди баксалийо BOTANICO 250ml;телавиа;;99
10.175;нуди баксалийо кеуйо BOTANICO 250ml;телавиа;;99
10.176;йокиос акипастос 1йик.;телавиа;;99
10.177;сйоулпяи жик 500gr;телавиа;;99
10.178;екиа хяоулпа хасоу VAC 5kg;телавиа;;99
10.179;пипеяи лауяо имдиас тяилл.;йИКэ;;99
10.180;пипеяи йоййимо цкуйо;йИКэ;;99
10.181;яицамг;йИКэ;;99
10.184;йокиос акипостос FIDEL 1kg;телавиа;;99
10.185;"амтсоуциа ""посеидым"" 5.5kg мО 1";телавиа;;99
10.186;пестяожа йампистг жикето ецв.;йИКэ;;99
10.187;екиес пяас. вак. (91-100) 13йик;телавиа;;99
10.188;томосаката хеялазйос;йИКэ;;99
11.000;йяаси тгс паяеас кеуйо 10кит.;телавиа;;99
11.001;йяаси еяухяо 10 кит.;телавиа;;99
11.002;йяаси глгцкийо йоййимо 10 кит.;телавиа;;99
11.003;йяаси QUARTETO яетсима 1кит;телавиа;;99
11.004;йяаси тгс паяеас яетсима 10КИТ;телавиа;;99
11.005;йяаси глицкуйо кеуйо TETRAP.1litr;телавиа;;99
11.007;ейптысг епи тфияоу пяолгх.тяицы.пыкгсе.;телавиа;;99
11.008;ужамтгс лпижтейи 80ц.сус.10т.;телавиа;;99
11.009;ужамтгс йежтедайиа 700ця.;телавиа;;99
11.010;ужамтгс жикета йотоп.ьгта 390ця;телавиа;;99
11.011;ужамтгс лпижтейи спити 400ця.;телавиа;;99
11.014;йяаси кеуйо йягтий.DOMINO ж.0.750 кит.;телавиа;;99
11.016;фул/йа баR.PAPP.UOVO итак.6ТЛв1000gr;телавиа;;99
11.017;фул/йа баR.PEN.RIG.мО73.(сусй 5ЙИК.);йИКэ;;99
11.018;фул/йа баR.BAVETTE No13.(итак.1ЙИК);телавиа;;99
11.019;фул/йа BAR.TORTELLIN.CHEESE 0.250;телавиа;;99
11.024;йяаси кеуйо 1 китя;тЕЛэВИА;;99
11.025;йяаси кеуйо QUARTETO 1lit;телавиа;;99
11.026;йяаси кеуйо то йежи лас 10 litr.;тЕЛэВИА;;99
11.027;фул/йа ALTA спаццети мО6 24/500ЦЯ.;телавиа;;99
11.028;фул/йа ALTA спаццетими мО10 24/500ЦЯ.;телавиа;;99
11.029;фулая.BAR.SPAGHETTI NО5 итакиас;сусйеуа.;;99
11.030;йяаси еяухяо QUATRETO TETRAPR.1litr;телавиа;;99
11.031;оуфо гдымийо 700ml 40%vol;телавиа;;99
11.032;тсипоуяо гдым. цкуй.500ml 43vol;телавиа;;99
11.033;тсипоуяо гдым. 200ml 40%vol;телавиа;;99
11.034;тсипоуяо гдым.цкуй.200ml 43%vol;телавиа;;99
11.035;тсипоуяо гдым.500ml 40%vol;телавиа;;99
11.036;фул/йа BAR.SPAGGETI No3(сусй.5вкц);телавиа;;99
11.037;тсипоуяо гдым. 40% 700ml;телавиа;;99
11.038;тсипоуяо гдым. ле цкуй. 700ml;телавиа;;99
13.000;лекиссоламтяа оимос CALIGGA 750ЦЯв6ТЕЛ;телавиа;;99
13.001;апекиа оимос BLACK LABEL 750ЦЯв6ТЕЛ;телавиа;;99
13.002;аккотимо еяухяос нгяос оимос 500ml в 15ТЕЛ;телавиа;;99
13.003;аккотимо еяухяо глицк оимос 500ml в 15ТЕЛ;телавиа;;99
13.004;аккотимо кеуйос нгяос оимос 500ml в 15ТЕЛ;телавиа;;99
13.005;аккотимо яетсима 500ml в 15ТЕЛ;телавиа;;99
13.006;аккотимо яофе нгяос оимос 500ml в 15ТЕЛ;телавиа;;99
13.007;агдомиа та 3 кеуйос нгяос оимос 187ЦЯ в 24ТЕЛ;телавиа;;99
13.008;тяикоциа еяухяос нгяос оимос ациыяц. 750ml X 6ТЕЛ;телавиа;;99
13.009;тяикоциа кеуйос нгяос оимос асуятийо 750ml в6ТЕЛ;телавиа;;99
13.010;тяикоциа кеуйос нгяос оимос лосвож 750ml в 6ТЕЛ;телавиа;;99
13.011;яетсима оимос йоуятайг 1500ml в 6ТЕЛ;телавиа;;99
13.012;апекиа оимос кеуйос нгяос 750ml в 6ТЕЛ;телавиа;;99
13.013;апекиа оимос ROSE 750ml X 6ТЕЛ;телавиа;;99
13.014;апекиа оимос еяухяос нгяос 750ml X 6ТЕЛ;телавиа;;99
13.015;апекиа оимос нгяос кеуйос 1500ml X 6ТЕЛ;телавиа;;99
13.016;апекиа оимос ROSE 1500ml X 6ТЕЛ;телавиа;;99
13.017;апекиа оимос еяухяос нгяос 1500ml X 6ТЕЛ;телавиа;;99
13.018;апекиа оимос BLACK LABEL 1500ml X 6ТЕЛ;телавиа;;99
13.019;агдомиа та 3 оимос кеуйос нгяос 750ml X 6ТЕЛ;телавиа;;99
13.020;йуймос кеуйос оимос лосв. 750ml X 6ТЕЛ;телавиа;;99
13.021;йуймос кеуйос оимос яодит. 750ml X 6ТЕЛ;телавиа;;99
13.022;йуймос лауяос ациыяц. 750ml X 6ТЕЛ;телавиа;;99
13.023;лауяодажмг оимос 375ml X 24ТЕЛ;телавиа;;99
13.024;лауяодажмг оимос 750ml X 6ТЕЛ;телавиа;;99
13.025;лосвожикеяо ламт. оимос 750ml X 6ТЕЛ;телавиа;;99
13.026;мелеа оимос еяухяос ациыяц. 750ml X 6ТЕЛ;телавиа;;99
13.027;оимос SYRAH.CAB.SAUV. еяухя ст.еккада 750ml X;телавиа;;99
13.028;ахгяи оимос топийос аиц/йос 750ml X 6ТЕЛ;телавиа;;99
13.029;йаккица лосвож/яо оимос ламт. 750ml X 6ТЕЛ;телавиа;;99
13.030;йаккица ациыяц оимос мелеа 750ml X 6ТЕЛ;телавиа;;99
13.031;йаккица оимос CHARDONNAY аициакеиас 750ml X 6ТЕЛ;телавиа;;99
13.032;йаккица CABERNET оимос ст.еккада 750ml X 6ТЕЛ;телавиа;;99
13.033;йаккица MERLOT оимос ст.еккада 750ml X 6ТЕЛ;телавиа;;99
13.034;апекиа оимос кеуйос нгяос 5ltr X 4ТЕЛ;телавиа;;99
13.035;апекиа оимос еяухяос глицк. 5ltr X 4ТЕЛ;телавиа;;99
13.036;алпекоуяцглата оимос кеуйос нгяос 10ltr X 2ТЕЛ;телавиа;;99
13.037;оуфо лпалпатфил 0.200ltr X 24ТЕЛ;телавиа;;99
13.038;тсипоуяо лпалпатфил в.цкуйам. 0.200ltr X 24ТЕЛ;телавиа;;99
13.039;агдомиа та 3 оимос еяухяос нгяос 750ml X 6ТЕЛ;телавиа;;99
13.040;апекиа GOLD LABEL оимос 6ТЛ В 750ml;телавиа;;99
13.041;агдомиа та 3 еяухяос нгяос оимос 187ml X 24ТЕЛ;телавиа;;99
13.042;мелеа глицк опап 24ТЕЛ В 187ml;телавиа;;99
15.002;ылеца йаяокима 5йик ецвыяио;йИКэ;;99
15.003;ылеца лпомет 5йик ецвыя.;йИКэ;;99
15.014;ылеца BASMATI 20йик еисацы.;йИКэ;;99
15.017;ылеца ARBORIO 5йик итакиас;телавиа;;99
15.022;ылеца йоллемо яуфи 30KG ецвыяио;телавиа;;99
15.023;ылеца сайи.яебихиа вом 25ЙИК -MACARENA;йИКэ;;99
15.029;ылеца жасок.цицамтес 0.500 ецвыяиа;телавиа;;99
15.030;ылеца жайес ьикес 0.500grеисацы.;телавиа;;99
15.036;ылеца жайес ацяойт.вомтяес 500gr.еисац.;телавиа;;99
15.037;ылеца цкассе 20ЙК.ецвыяио;йИКэ;;99
17.000;паяифа бийг сусй.ЙЫД.101422;йИКэ;;99
17.002;ылопк.бийг бя.PORK-SHOUL.сус.ЙЫД.121030;йИКэ;;99
17.004;лпяифока бийг в/м йап.а/о сус.ЙЫД.131121;йИКэ;;99
17.005;сакали бийг лпуяас сусй.ЙЫД.102204;йИКэ;;99
17.006;стгх.бийг цакоп.LINE су.лисо ЙЫ.132502;йИКэ;;99
17.007;стгх.бийг йотоп.LINE су.лисо ЙЫ.132402;йИКэ;;99
17.014;лоятадека 190gr. P.L.ЙЫД.101151;телавиа;;99
17.017;паяифа  тост жетес 190gr.P.L.ЙЫ.101471;телавиа;;99
17.020;ылопкатг  воияим.190gr.P.L.ЙЫ.121055;телавиа;;99
17.021;цакопоу. йапм.жете.190gr.P.L.131575;телавиа;;99
17.026;коуйа.бийг гот-DOG PROF.сусй.101244;йИКэ;;99
17.032;ылопкатг бийг самтоуитс тоу спитиоу лас121019;йИКэ;;99
17.033;коуйам.бийг пияосйг PROFES 1/2kgr101235;йИКэ;;99
17.034;сакали бийг лпуяас PROFES сусй.ЙЫ.102209;йИКэ;;99
17.037;цакопоука бийг йапм.SNACK жетес ЙЫ331544;йИКэ;;99
17.038;пий мий бийг 10в10 жетес ЙЫ,321248;йИКэ;;99
17.040;лпеийом яокко бийг йапм.ЙЫД.331180;йИКэ;;99
17.041;коуйам.бийг пипеяом.PROFES сусй.101231;йИКэ;;99
17.043;коуйам.бийг HOT-DOG 20cm м28ЙЫ.301230;йИКэ;;99
17.044;коуйам.бийг пипеяом.м.60 жетес ЙЫ.301232;йИКэ;;99
17.046;паяифа бийг тост 10в10 жетесЙЫ.301426;йИКэ;;99
17.047;лпяифока бийг йапм.а/о жетесЙЫ.331146;йИКэ;;99
17.049;ылопкатг спака бийг воия.10в10 ЙЫ.321540;йИКэ;;99
17.051;сакали бийг лпуяас йол.м.90 ЙЫ.302207;йИКэ;;99
17.054;лпеийом бийг яок йап.сус.йактса 131161;йИКэ;;99
17.056;лпеийом лйс 120 gr.ЙЫД 131182;телавиа;;99
17.060;лоятадека бяастг мО105 жетесЙЫД.301145;йИКэ;;99
17.062;сакали бийг аеяос м.60 ЙЫ.303215;йИКэ;;99
17.063;сакали бийг аеяос м.85 ЙЫД.103105;йИКэ;;99
17.072;лоятадека сусй.ЙЫД101121;йИКэ;;99
17.073;сакали аеяос тфоулеяйым ЙЫ.103204;телавиа;;99
17.078;цакопоук.бийг жик.бяаст.жоялаЙ131532;йИКэ;;99
17.081;ылопкатг бийг 200gr.спитиоулас121056;телавиа;;99
17.083;лпеийом бийг FLANKS ЙЫ.331171;йИКэ;;99
17.084;лпеийом бийг а/д жетес ЙЫ.331126;йИКэ;;99
17.085;сакали бийг аеяос туп.хасоу ЙЫ.103108;йИКэ;;99
17.089;коуйам.бийг выяиатийоЙЫ.301273;йИКэ;;99
17.092;лоятадека EXTRAсусй.ЙЫ.101122;йИКэ;;99
17.098;сакали бийг аеяос жетес м.60 ЙЫ.303225;йИКэ;;99
17.100;лпеийом бийг лйс 120grSTIC -0.40Й.161182;телавиа;;99
17.101;лпеийом бийг яокко жета ЙЫ.331185;йИКэ;;99
17.104;лпеийом бийг яоко смай 105 жета Й331159;йИКэ;;99
17.106;коуйами.бийг жяамй.17cm.55 GRЙЫ.301222;йИКэ;;99
17.108;ылопкатг спака бийг воия.10в10жетесЙ.321241;йИКэ;;99
17.109;сакали бийг аеяос еккгмийо Й.103107;йИКэ;;99
17.110;сакали бийг аеяос туп.оуццаяи.Й.103109;йИКэ;;99
17.122;лпеийом бийг а/д ЙЫД.331125;йИКэ;;99
17.127;питса спесиак 400ЦЯ.*3(м)йть йыд (165002);телавиа;;99
17.133;лпеийом бийг яоко смай мО105 й.331160;йИКэ;;99
17.135;лпеийом бийг а/д жетес т.с. 100ЦЯ йыд.131199;телавиа;;99
17.136;сакали бийг аеяос жетес т.с.100ЦЯ йыд.103236;телавиа;;99
17.137;сакали бийг аеяос лими т.с.180ЦЯ йыд.103237;телавиа;;99
17.138;воияимо бийг йапмисто мО90 жетес йыд.331157;йИКэ;;99
17.141;лпеийом бийг а/д йоллемо й.331127;йИКэ;;99
17.146;коуй.бийг пияос.PROF.12cm й.301240;йИКэ;;99
17.150;сакали лпуяайиа 310gr 102257;телавиа;;99
17.152;паяифайи бийг сак.310ця -0.5─ (161417);телавиа;;99
17.153;сак. туп.оуццаяиас DAILY 101309;телавиа;;99
17.155;коуй. выяиатийо леяидас 17cm 302103;йИКэ;;99
17.158;коуйам. тяийакым 380gr ЙЫД.102292;телавиа;;99
17.160;коуйам. бийг гпеияоу 380gr ЙЫД 102293;телавиа;;99
17.161;паяифа жетес т.с 160gr ЙЫД 101438;телавиа;;99
17.162;ылопкатг 160gr т.с. ЙЫД 121009;телавиа;;99
17.178;коуйам. т.жяамй. 230gr т.с. ЙЫД 101561;телавиа;;99
17.182;лоятадека сусй т.с ЙЫД 101134;йИКэ;;99
17.183;паяифайи пекыяио 500gr ЙЫД 101446;телавиа;;99
17.193;паяифа тост 10в10 бийг ЙЫД 301425;йИКэ;;99
18.005;лпеийом PROTON 120ця  131148;телавиа;;99
19.000;пипеяи кеуйо тяил 12в50ЦЯ (4003);телавиа;;99
19.001;йамекка тяил 12в50ЦЯ (4004);телавиа;;99
19.002;цаяужакко тяил 12в30ЦЯ (4007);телавиа;;99
19.003;лпаваяи тяил 12в40ЦЯ (4011);телавиа;;99
19.004;лосвойаяудо тяил 12в40ЦЯ (4013);телавиа;;99
19.005;нумо 12в60ЦЯ (4024);телавиа;;99
19.006;йаяу 12в40ЦЯ (4017);телавиа;;99
19.007;сода 12в100ЦЯ (4025);телавиа;;99
19.008;сода бафо 12в350ЦЯ (4026);телавиа;;99
19.009;бамикиа йасетима 30в0.3ЦЯ (4027);телавиа;;99
19.010;бамикиа 5 тел 50в1.5ЦЯ (4035);телавиа;;99
19.011;йамекка тяил 465ЦЯ (4104);телавиа;;99
19.012;папяийа цкуйиа 345ЦЯ (4110);телавиа;;99
19.013;йаяимо йотопоуко 350ЦЯ (4113);телавиа;;99
19.014;яицамг 135ЦЯ (4118);телавиа;;99
19.015;яицамг 6в80ЦЯ (9007);телавиа;;99
19.016;валолгки 6в40ЦЯ (9012);телавиа;;99
19.017;дажмг 6в25ЦЯ (9009);телавиа;;99
19.018;хулаяи 6в100ЦЯ (9003);телавиа;;99
19.019;демдяокибамо 6в70ЦЯ (9014);телавиа;;99
19.020;тсаи боумоу 6в30ЦЯ (9018);телавиа;;99
19.021;басикийос 6в30ЦЯ (9016);телавиа;;99
19.022;йаяимо 500ЦЯ (67);телавиа;;99
19.023;пипеяи тяил 24в50ЦЯ (60);телавиа;;99
19.024;пипеяи тяил 20в100ЦЯ (61);телавиа;;99
19.025;пипеяи вомдяо 24в50ЦЯ (62);телавиа;;99
19.026;папяийа цкуйиа 20в100ЦЯ (57);телавиа;;99
19.027;папяийа йаутеяг 20в100ЦЯ (58);телавиа;;99
19.028;йамекка тяил 24в50ЦЯ (59);телавиа;;99
19.029;йамекка тяил 20в100ЦЯ (76);телавиа;;99
19.030;йамекка нуко 24в50ЦЯ (13);телавиа;;99
19.031;цаяужакко вом 24в15ЦЯ (64);телавиа;;99
19.032;цаяужакко тяил 24в15ЦЯ (65);телавиа;;99
19.033;йулимо тяил 24в50ЦЯ (15);телавиа;;99
19.034;лпаваяи тяил 12в50ЦЯ (46);телавиа;;99
19.035;лосвойаяудо вом 24в3ТЕЛ (68);телавиа;;99
19.036;лосвойаяудо тяил 24в15ЦЯ (69);телавиа;;99
19.037;сгсали 10в100ЦЯ (27);телавиа;;99
19.038;нумо 24в50ЦЯ (77);телавиа;;99
19.039;йайоуке 36в5ЦЯ (72);телавиа;;99
19.040;ластива 36в5ЦЯ (41);телавиа;;99
19.041;лавкепи 36в8ЦЯ (38);телавиа;;99
19.042;аллымиа 24в30ЦЯ (63);телавиа;;99
19.043;сода 48в20ЦЯ (33);телавиа;;99
19.044;йаяимо 24в50ЦЯ (66);телавиа;;99
19.045;пипеяи тяил 12в40ЦЯ (2001);телавиа;;99
19.046;пипеяи кеуйо тяил 12в35ЦЯ (2003);телавиа;;99
19.047;папяийа 12в40ЦЯ (2004);телавиа;;99
19.048;йамекка тяил 12в35ЦЯ (2005);телавиа;;99
19.049;йулимо тяил 12в35ЦЯ (2010);телавиа;;99
19.050;лосвойаяудо тяил 12в40ЦЯ (2014);телавиа;;99
19.051;йаяу 12в30ЦЯ (2019);телавиа;;99
19.052;тфимтфея 12в30ЦЯ (2035);телавиа;;99
19.053;папяийа цкуйиа 24в50ЦЯ (56);телавиа;;99
19.054;лпаваяи вомдяо 24в50ЦЯ (25);телавиа;;99
19.055;лпоуйобо 24в50ЦЯ (78);телавиа;;99
19.056;пипеяи тяиллемо 12в50ЦЯ (4001);телавиа;;99
19.057;дуослос 6в30ЦЯ (9017);телавиа;;99
19.058;тикио 6в35ЦЯ (9013);телавиа;;99
19.059;амихос 6в50ЦЯ (9011);телавиа;;99
19.060;лаимтамос 6в40ЦЯ (9006);телавиа;;99
19.061;пипеяи амалийто 12в25ЦЯ (2066);телавиа;;99
19.062;пипеяи кеуйо вимдяо 12в40ЦЯ (2061);телавиа;;99
19.063;пипеяи л. вомдяо 12в40ЦЯ (2062);телавиа;;99
19.064;йокиамдяо 12в20ЦЯ (2065);телавиа;;99
19.065;акати вомдяо 12в90ЦЯ лукос(2067);телавиа;;99
19.066;лпоуйобо ле акати 12в30ЦЯ лукос (2068);телавиа;;99
19.067;акати илаказым 12в80ЦЯ лукос (2069);телавиа;;99
19.068;акати лпке пеясиас 12в80ЦЯ (2070);телавиа;;99
19.069;акати йоййимо вабагс 12в80ЦЯ (2071);телавиа;;99
19.070;акати йапмисто йупяоу 12в35ЦЯ (2072);телавиа;;99
19.071;пипеяи тяиллемо 500ЦЯ (75);телавиа;;99
19.072;лпоуйобо 500ЦЯ (171);телавиа;;99
19.073;яицамг 500ЦЯ (148);телавиа;;99
19.074;тсаи боумоу (6105) 36в20ЦЯ;телавиа;;99
19.075;цкуйамисо 12в50ЦЯ (45);телавиа;;99
19.076;сйоядо тяил 12в50ЦЯ (2022);телавиа;;99
19.077;йулимо тяиллемо 12в40ЦЯ (4009);телавиа;;99
19.078;жасйолгко 6в30ЦЯ (9004);телавиа;;99
19.079;секимо 6в30ЦЯ (9010);телавиа;;99
19.081;йаяимо циа ьаяи 12в40ЦЯ. (2043);телавиа;;99
19.082;лемта 6в20ЦЯ (9008);телавиа;;99
19.083;тсаи 6в100ЦЯ (9019);телавиа;;99
19.084;пипеяи вомдяо 12в30ЦЯ (2002);телавиа;;99
19.085;пипеяи кеуйо вомдяо 12в35ЦЯ (2029);телавиа;;99
19.086;цаяужакко вом 12в25ЦЯ (2007);телавиа;;99
19.087;цаяужакко тяил 12в40ЦЯ (2008);телавиа;;99
19.088;лпаваяи тяил 12в35ЦЯ (2012);телавиа;;99
19.089;йокиамдяо 12в25ЦЯ (2016);телавиа;;99
19.090;йаяимо 12в40ЦЯ (2018);телавиа;;99
19.091;йяеллуди 12в30ЦЯ (2020);телавиа;;99
19.092;лпаялпейиоу 12в40ЦЯ (2039);телавиа;;99
19.093;йяелояио 12в65ЦЯ (2032);телавиа;;99
19.094;пипеяи йацием 12в30ЦЯ (2033);телавиа;;99
19.095;пипеяитса 12в15ЦЯ (2034);телавиа;;99
19.096;пипеяи пяасимо 12в25ЦЯ (2036);телавиа;;99
19.097;пипеяи амалийто 12в35ЦЯ (2037);телавиа;;99
19.098;пипеяи яоф 12в18ЦЯ (2038);телавиа;;99
19.099;йулимо вомдяо 24в50ЦЯ (16);телавиа;;99
19.100;йаяимо пататас 12в40ЦЯ (2042);телавиа;;99
19.101;йокиамдяо 12в30ЦЯ. (4015);телавиа;;99
19.102;сода 250ЦЯ (34);телавиа;;99
19.103;пипеяи амалийто 24в50ЦЯ (1202);телавиа;;99
19.104;йоуяйоулас 12в40ЦЯ (2044);телавиа;;99
19.105;папаяоумоспояос 12в45ЦЯ (2045);телавиа;;99
19.106;тсики сйомг 500ЦЯ (154);телавиа;;99
19.107;пипеяи вомдяо 12в50ЦЯ (4002);телавиа;;99
19.108;пипеяи лауяо тяил 400ЦЯ (4101);телавиа;;99
19.109;лосвойаяудо вомдяо 12в32gr (2013);телавиа;;99
19.110;дуослос 500ЦЯ (149);телавиа;;99
19.111;йаядало пяасимо 12в25ЦЯ (2040);йИКэ;;99
19.112;лпаваяи вомдяо 12в25ЦЯ (2011);телавиа;;99
19.113;сйоядо тяиллемо 12в60ЦЯ (4019);телавиа;;99
19.114;яицамг 36в50ЦЯ (6003);телавиа;;99
19.115;папяийа йапмистг 12в35ЦЯ (2047);телавиа;;99
19.116;йаяу 24в50ЦЯ (1201);телавиа;;99
19.117;йулимо вомдяо 12в35ця (2009);телавиа;;99
19.118;папяийа цкуйиа 500ця (128);телавиа;;99
20;енацыцес;йИКэ;;99
20.008;пита SELECT 17cmKALAMPOKI FROZEN;pieces;;99
20.012;йомсе. бийг CHOPPER PORK200ЦЯ.ЙЫ.111201;тЕЛэВИА;;99
22.002;йажес NESCAFE CLASSIC 2,75йик;телавиа;;99
22.031;фаваяг йастамг 4.5kg;телавиа;;99
23.000;туяойяойетес 400ЦЯ йть;телавиа;;99
23.001;йасеяойяойетес 400ЦЯ йть;телавиа;;99
23.002;йокойухойежтес 400ЦЯ йть;телавиа;;99
23.003;лпижтейи кавамийым йикоу йть;йИКэ;;99
23.004;лпижтейи кавамийым 440ЦЯ. йть;телавиа;;99
